timestamp,patient_id,entity_id,state,unit,source,domain
2026-01-01 00:00:57,patient-001,phone_battery_level,72,percent,phone,device
2026-01-01 00:13:10,patient-001,phone_battery_state,discharging,none,phone,device
2026-01-01 00:26:33,patient-001,phone_power_source,battery,none,phone,device
2026-01-01 00:39:02,patient-001,phone_screen_state,off,none,phone,device
2026-01-01 00:52:21,patient-001,phone_lock_state,unlocked,none,phone,device
2026-01-01 01:05:52,patient-001,phone_interactive_state,idle,none,phone,device
2026-01-01 01:18:45,patient-001,phone_orientation,portrait,none,phone,device
2026-01-01 01:31:49,patient-001,phone_brightness_level,72,percent,phone,device
2026-01-01 01:44:00,patient-001,phone_volume_level,31,percent,phone,device
2026-01-01 01:57:11,patient-001,phone_ringer_mode,normal,none,phone,device
2026-01-01 02:10:41,patient-001,phone_do_not_disturb_state,off,none,phone,device
2026-01-01 02:23:23,patient-001,phone_airplane_mode,off,none,phone,device
2026-01-01 02:36:02,patient-001,phone_wifi_state,connected,none,phone,device
2026-01-01 02:49:45,patient-001,phone_wifi_ssid,HomeNet,none,phone,device
2026-01-01 03:02:17,patient-001,phone_cellular_signal_strength,-66,dBm,phone,device
2026-01-01 03:15:31,patient-001,phone_bluetooth_state,on,none,phone,device
2026-01-01 03:28:59,patient-001,phone_headphones_connected,disconnected,none,phone,device
2026-01-01 03:41:20,patient-001,phone_nfc_state,on,none,phone,device
2026-01-01 03:54:47,patient-001,phone_location_latitude,40.758988,degrees,phone,location
2026-01-01 04:07:45,patient-001,phone_location_longitude,-73.972029,degrees,phone,location
2026-01-01 04:20:23,patient-001,phone_location_accuracy,10.0,meters,phone,location
2026-01-01 04:33:25,patient-001,phone_location_altitude,-4.6,meters,phone,location
2026-01-01 04:46:11,patient-001,phone_location_speed,0.14,m/s,phone,location
2026-01-01 04:59:24,patient-001,phone_location_bearing,133,degrees,phone,location
2026-01-01 05:12:16,patient-001,phone_accelerometer_x,3.603,m/s2,phone,motion
2026-01-01 05:25:57,patient-001,phone_accelerometer_y,2.756,m/s2,phone,motion
2026-01-01 05:38:37,patient-001,phone_accelerometer_z,6.388,m/s2,phone,motion
2026-01-01 05:51:27,patient-001,phone_gyroscope_x,0.1453,rad/s,phone,motion
2026-01-01 06:04:16,patient-001,phone_gyroscope_y,-0.0776,rad/s,phone,motion
2026-01-01 06:17:33,patient-001,phone_gyroscope_z,-0.0642,rad/s,phone,motion
2026-01-01 06:30:13,patient-001,phone_magnetometer_x,28.52,microtesla,phone,motion
2026-01-01 06:43:59,patient-001,phone_magnetometer_y,17.04,microtesla,phone,motion
2026-01-01 06:56:35,patient-001,phone_magnetometer_z,30.92,microtesla,phone,motion
2026-01-01 07:09:24,patient-001,phone_barometer_pressure,1002.5,hPa,phone,motion
2026-01-01 07:22:57,patient-001,phone_ambient_light_lux,341.3,lux,phone,motion
2026-01-01 07:35:06,patient-001,phone_proximity_state,far,none,phone,motion
2026-01-01 07:48:35,patient-001,phone_step_detector_event,step,none,phone,motion
2026-01-01 08:01:38,patient-001,phone_step_counter_value,13264,steps,phone,motion
2026-01-01 08:14:33,patient-001,phone_activity_recognition_state,stationary,none,phone,motion
2026-01-01 08:27:55,patient-001,phone_app_foreground_package,com.apple.MobileSMS,none,phone,app_usage
2026-01-01 08:40:43,patient-001,phone_app_foreground_name,Spotify,none,phone,app_usage
2026-01-01 08:53:15,patient-001,phone_notification_posted_app,Messages,none,phone,app_usage
2026-01-01 09:06:39,patient-001,phone_notification_removed_app,Fitbit,none,phone,app_usage
2026-01-01 09:19:25,patient-001,phone_sms_received_event,none,none,phone,communication
2026-01-01 09:32:05,patient-001,phone_sms_sent_event,none,none,phone,communication
2026-01-01 09:45:35,patient-001,phone_call_state,idle,none,phone,communication
2026-01-01 09:58:53,patient-001,phone_call_direction,none,none,phone,communication
2026-01-01 10:11:35,patient-001,phone_keyboard_visible_state,hidden,none,phone,device
2026-01-01 10:24:53,patient-001,phone_clipboard_changed_event,none,none,phone,device
2026-01-01 10:37:51,patient-001,phone_camera_open_state,closed,none,phone,device
2026-01-01 10:50:39,patient-001,wearable_heart_rate,88,bpm,wearable,wearable
2026-01-01 11:03:45,patient-001,wearable_resting_heart_rate,65,bpm,wearable,wearable
2026-01-01 11:16:41,patient-001,wearable_hrv_value,59.5,ms,wearable,wearable
2026-01-01 11:29:07,patient-001,wearable_spo2,96.6,percent,wearable,wearable
2026-01-01 11:42:16,patient-001,wearable_skin_temperature,36.44,celsius,wearable,wearable
2026-01-01 11:55:38,patient-001,wearable_respiratory_rate,10.8,breaths/min,wearable,wearable
2026-01-01 12:08:03,patient-001,wearable_step_counter,12194,steps,phone,motion
2026-01-01 12:21:46,patient-001,wearable_calories_burned,52102,kcal,wearable,wearable
2026-01-01 12:34:02,patient-001,wearable_sleep_state,asleep,none,wearable,wearable
2026-01-01 12:47:52,patient-001,wearable_sleep_stage,awake,none,wearable,wearable
2026-01-01 13:00:36,patient-001,wearable_body_position,standing,none,wearable,wearable
2026-01-01 13:13:41,patient-001,wearable_device_battery_level,79,percent,wearable,wearable
2026-01-01 13:26:50,patient-001,smartwatch_screen_state,off,none,smartwatch,wearable
2026-01-01 13:39:07,patient-001,smartwatch_workout_state,inactive,none,smartwatch,wearable
2026-01-01 13:52:37,patient-001,smartwatch_workout_type,none,none,smartwatch,wearable
2026-01-01 14:05:41,patient-001,front_door_contact_state,closed,none,smart_home,contact
2026-01-01 14:18:08,patient-001,bedroom_door_contact_state,open,none,smart_home,contact
2026-01-01 14:31:28,patient-001,bathroom_door_contact_state,closed,none,smart_home,contact
2026-01-01 14:44:44,patient-001,refrigerator_door_contact_state,closed,none,smart_home,contact
2026-01-01 14:57:02,patient-001,pantry_door_contact_state,closed,none,smart_home,contact
2026-01-01 15:10:17,patient-001,medicine_cabinet_contact_state,closed,none,smart_home,contact
2026-01-01 15:23:59,patient-001,window_contact_state,closed,none,smart_home,contact
2026-01-01 15:36:00,patient-001,kitchen_motion_state,off,none,smart_home,occupancy
2026-01-01 15:49:34,patient-001,bedroom_motion_state,off,none,smart_home,occupancy
2026-01-01 16:02:59,patient-001,bathroom_motion_state,off,none,smart_home,occupancy
2026-01-01 16:15:03,patient-001,living_room_motion_state,off,none,smart_home,occupancy
2026-01-01 16:28:08,patient-001,hallway_motion_state,off,none,smart_home,occupancy
2026-01-01 16:41:31,patient-001,bed_pressure_sensor_state,occupied,none,smart_home,occupancy
2026-01-01 16:54:45,patient-001,chair_pressure_sensor_state,clear,none,smart_home,occupancy
2026-01-01 17:07:02,patient-001,sofa_pressure_sensor_state,clear,none,smart_home,occupancy
2026-01-01 17:20:38,patient-001,smart_light_power_state,off,none,smart_home,lighting
2026-01-01 17:33:24,patient-001,smart_light_brightness,12,percent,smart_home,lighting
2026-01-01 17:46:43,patient-001,smart_light_color_temperature,2994,kelvin,smart_home,lighting
2026-01-01 17:59:41,patient-001,smart_light_rgb_color,"133,153,140",none,smart_home,lighting
2026-01-01 18:12:51,patient-001,room_illuminance_lux,145.9,lux,smart_home,environment
2026-01-01 18:25:15,patient-001,thermostat_current_temperature,20.1,celsius,smart_home,environment
2026-01-01 18:38:49,patient-001,thermostat_target_temperature,20.8,celsius,smart_home,environment
2026-01-01 18:51:22,patient-001,thermostat_hvac_mode,auto,none,smart_home,environment
2026-01-01 19:04:58,patient-001,thermostat_hvac_action,idle,none,smart_home,environment
2026-01-01 19:17:10,patient-001,room_humidity,47,percent,smart_home,environment
2026-01-01 19:30:21,patient-001,indoor_co2_ppm,820,ppm,smart_home,environment
2026-01-01 19:43:20,patient-001,indoor_pm25,17.4,ug/m3,smart_home,environment
2026-01-01 19:56:46,patient-001,indoor_voc_level,50,index,smart_home,environment
2026-01-01 20:09:22,patient-001,indoor_air_quality_index,23,index,smart_home,environment
2026-01-01 20:22:56,patient-001,noise_sensor_decibels,34.9,dB,smart_home,environment
2026-01-01 20:35:17,patient-001,smart_plug_power_watts,87.8,W,smart_home,power
2026-01-01 20:48:14,patient-001,smart_plug_voltage,120.9,V,smart_home,power
2026-01-01 21:01:00,patient-001,smart_plug_current_amps,1.53,A,smart_home,power
2026-01-01 21:14:44,patient-001,coffee_machine_power_state,off,none,smart_home,power
2026-01-01 21:27:33,patient-001,coffee_machine_power_watts,20.5,W,smart_home,power
2026-01-01 21:40:29,patient-001,tv_power_state,off,none,smart_home,power
2026-01-01 21:53:05,patient-001,tv_power_watts,199.3,W,smart_home,power
2026-01-01 22:06:03,patient-001,computer_power_state,on,none,smart_home,power
2026-01-01 22:19:22,patient-001,computer_power_watts,24.4,W,smart_home,power
2026-01-01 22:32:52,patient-001,microwave_power_state,on,none,smart_home,power
2026-01-01 22:45:17,patient-001,microwave_power_watts,190.4,W,smart_home,power
2026-01-01 22:58:47,patient-001,washing_machine_power_state,off,none,smart_home,power
2026-01-01 23:11:46,patient-001,washing_machine_power_watts,65.0,W,smart_home,power
2026-01-02 00:17:13,patient-001,phone_battery_level,60,percent,phone,device
2026-01-02 00:30:50,patient-001,phone_battery_state,discharging,none,phone,device
2026-01-02 00:43:51,patient-001,phone_power_source,usb,none,phone,device
2026-01-02 00:56:36,patient-001,phone_screen_state,off,none,phone,device
2026-01-02 01:09:01,patient-001,phone_lock_state,locked,none,phone,device
2026-01-02 01:22:37,patient-001,phone_interactive_state,idle,none,phone,device
2026-01-02 01:35:51,patient-001,phone_orientation,face_down,none,phone,device
2026-01-02 01:48:44,patient-001,phone_brightness_level,79,percent,phone,device
2026-01-02 02:01:34,patient-001,phone_volume_level,66,percent,phone,device
2026-01-02 02:14:35,patient-001,phone_ringer_mode,normal,none,phone,device
2026-01-02 02:27:55,patient-001,phone_do_not_disturb_state,off,none,phone,device
2026-01-02 02:40:30,patient-001,phone_airplane_mode,on,none,phone,device
2026-01-02 02:53:26,patient-001,phone_wifi_state,disconnected,none,phone,device
2026-01-02 03:06:58,patient-001,phone_wifi_ssid,none,none,phone,device
2026-01-02 03:19:46,patient-001,phone_cellular_signal_strength,-112,dBm,phone,device
2026-01-02 03:32:57,patient-001,phone_bluetooth_state,on,none,phone,device
2026-01-02 03:45:42,patient-001,phone_headphones_connected,connected,none,phone,device
2026-01-02 03:58:59,patient-001,phone_nfc_state,on,none,phone,device
2026-01-02 04:11:00,patient-001,phone_location_latitude,40.751122,degrees,phone,location
2026-01-02 04:24:29,patient-001,phone_location_longitude,-74.10697,degrees,phone,location
2026-01-02 04:37:44,patient-001,phone_location_accuracy,8.5,meters,phone,location
2026-01-02 04:50:29,patient-001,phone_location_altitude,0.5,meters,phone,location
2026-01-02 05:03:22,patient-001,phone_location_speed,0.04,m/s,phone,location
2026-01-02 05:16:49,patient-001,phone_location_bearing,59,degrees,phone,location
2026-01-02 05:29:53,patient-001,phone_accelerometer_x,-3.186,m/s2,phone,motion
2026-01-02 05:42:30,patient-001,phone_accelerometer_y,-1.834,m/s2,phone,motion
2026-01-02 05:55:57,patient-001,phone_accelerometer_z,5.433,m/s2,phone,motion
2026-01-02 06:08:04,patient-001,phone_gyroscope_x,0.0244,rad/s,phone,motion
2026-01-02 06:21:40,patient-001,phone_gyroscope_y,0.0077,rad/s,phone,motion
2026-01-02 06:34:25,patient-001,phone_gyroscope_z,0.1712,rad/s,phone,motion
2026-01-02 06:47:24,patient-001,phone_magnetometer_x,38.52,microtesla,phone,motion
2026-01-02 07:00:51,patient-001,phone_magnetometer_y,18.07,microtesla,phone,motion
2026-01-02 07:13:42,patient-001,phone_magnetometer_z,35.65,microtesla,phone,motion
2026-01-02 07:26:38,patient-001,phone_barometer_pressure,1015.4,hPa,phone,motion
2026-01-02 07:39:51,patient-001,phone_ambient_light_lux,54.4,lux,phone,motion
2026-01-02 07:52:59,patient-001,phone_proximity_state,far,none,phone,motion
2026-01-02 08:05:17,patient-001,phone_step_detector_event,none,none,phone,motion
2026-01-02 08:18:33,patient-001,phone_step_counter_value,13440,steps,phone,motion
2026-01-02 08:31:45,patient-001,phone_activity_recognition_state,stationary,none,phone,motion
2026-01-02 08:44:43,patient-001,phone_app_foreground_package,com.google.android.gm,none,phone,app_usage
2026-01-02 08:57:13,patient-001,phone_app_foreground_name,Gmail,none,phone,app_usage
2026-01-02 09:10:55,patient-001,phone_notification_posted_app,Bank,none,phone,app_usage
2026-01-02 09:23:16,patient-001,phone_notification_removed_app,Gmail,none,phone,app_usage
2026-01-02 09:36:11,patient-001,phone_sms_received_event,received,none,phone,communication
2026-01-02 09:49:27,patient-001,phone_sms_sent_event,none,none,phone,communication
2026-01-02 10:02:16,patient-001,phone_call_state,idle,none,phone,communication
2026-01-02 10:15:07,patient-001,phone_call_direction,none,none,phone,communication
2026-01-02 10:28:52,patient-001,phone_keyboard_visible_state,hidden,none,phone,device
2026-01-02 10:41:52,patient-001,phone_clipboard_changed_event,none,none,phone,device
2026-01-02 10:54:03,patient-001,phone_camera_open_state,closed,none,phone,device
2026-01-02 11:07:19,patient-001,wearable_heart_rate,74,bpm,wearable,wearable
2026-01-02 11:20:02,patient-001,wearable_resting_heart_rate,61,bpm,wearable,wearable
2026-01-02 11:33:35,patient-001,wearable_hrv_value,78.9,ms,wearable,wearable
2026-01-02 11:46:58,patient-001,wearable_spo2,97.6,percent,wearable,wearable
2026-01-02 11:59:49,patient-001,wearable_skin_temperature,36.66,celsius,wearable,wearable
2026-01-02 12:12:36,patient-001,wearable_respiratory_rate,13.2,breaths/min,wearable,wearable
2026-01-02 12:25:32,patient-001,wearable_step_counter,12954,steps,phone,motion
2026-01-02 12:38:32,patient-001,wearable_calories_burned,52165,kcal,wearable,wearable
2026-01-02 12:51:33,patient-001,wearable_sleep_state,asleep,none,wearable,wearable
2026-01-02 13:04:30,patient-001,wearable_sleep_stage,awake,none,wearable,wearable
2026-01-02 13:17:02,patient-001,wearable_body_position,standing,none,wearable,wearable
2026-01-02 13:30:11,patient-001,wearable_device_battery_level,61,percent,wearable,wearable
2026-01-02 13:43:13,patient-001,smartwatch_screen_state,off,none,smartwatch,wearable
2026-01-02 13:56:29,patient-001,smartwatch_workout_state,inactive,none,smartwatch,wearable
2026-01-02 14:09:25,patient-001,smartwatch_workout_type,run,none,smartwatch,wearable
2026-01-02 14:22:32,patient-001,front_door_contact_state,open,none,smart_home,contact
2026-01-02 14:35:08,patient-001,bedroom_door_contact_state,closed,none,smart_home,contact
2026-01-02 14:48:31,patient-001,bathroom_door_contact_state,closed,none,smart_home,contact
2026-01-02 15:01:05,patient-001,refrigerator_door_contact_state,open,none,smart_home,contact
2026-01-02 15:14:59,patient-001,pantry_door_contact_state,closed,none,smart_home,contact
2026-01-02 15:27:04,patient-001,medicine_cabinet_contact_state,closed,none,smart_home,contact
2026-01-02 15:40:32,patient-001,window_contact_state,closed,none,smart_home,contact
2026-01-02 15:53:34,patient-001,kitchen_motion_state,off,none,smart_home,occupancy
2026-01-02 16:06:46,patient-001,bedroom_motion_state,off,none,smart_home,occupancy
2026-01-02 16:19:33,patient-001,bathroom_motion_state,on,none,smart_home,occupancy
2026-01-02 16:32:02,patient-001,living_room_motion_state,off,none,smart_home,occupancy
2026-01-02 16:45:45,patient-001,hallway_motion_state,on,none,smart_home,occupancy
2026-01-02 16:58:44,patient-001,bed_pressure_sensor_state,clear,none,smart_home,occupancy
2026-01-02 17:11:01,patient-001,chair_pressure_sensor_state,clear,none,smart_home,occupancy
2026-01-02 17:24:51,patient-001,sofa_pressure_sensor_state,clear,none,smart_home,occupancy
2026-01-02 17:37:42,patient-001,smart_light_power_state,on,none,smart_home,lighting
2026-01-02 17:50:55,patient-001,smart_light_brightness,34,percent,smart_home,lighting
2026-01-02 18:03:02,patient-001,smart_light_color_temperature,3842,kelvin,smart_home,lighting
2026-01-02 18:16:51,patient-001,smart_light_rgb_color,"245,107,62",none,smart_home,lighting
2026-01-02 18:29:56,patient-001,room_illuminance_lux,212.5,lux,smart_home,environment
2026-01-02 18:42:40,patient-001,thermostat_current_temperature,21.2,celsius,smart_home,environment
2026-01-02 18:55:53,patient-001,thermostat_target_temperature,20.7,celsius,smart_home,environment
2026-01-02 19:08:18,patient-001,thermostat_hvac_mode,cool,none,smart_home,environment
2026-01-02 19:21:58,patient-001,thermostat_hvac_action,idle,none,smart_home,environment
2026-01-02 19:34:25,patient-001,room_humidity,33,percent,smart_home,environment
2026-01-02 19:47:16,patient-001,indoor_co2_ppm,963,ppm,smart_home,environment
2026-01-02 20:00:11,patient-001,indoor_pm25,1.5,ug/m3,smart_home,environment
2026-01-02 20:13:13,patient-001,indoor_voc_level,81,index,smart_home,environment
2026-01-02 20:26:45,patient-001,indoor_air_quality_index,14,index,smart_home,environment
2026-01-02 20:39:01,patient-001,noise_sensor_decibels,50.9,dB,smart_home,environment
2026-01-02 20:52:40,patient-001,smart_plug_power_watts,64.1,W,smart_home,power
2026-01-02 21:05:19,patient-001,smart_plug_voltage,121.9,V,smart_home,power
2026-01-02 21:18:13,patient-001,smart_plug_current_amps,1.45,A,smart_home,power
2026-01-02 21:31:02,patient-001,coffee_machine_power_state,off,none,smart_home,power
2026-01-02 21:44:25,patient-001,coffee_machine_power_watts,221.0,W,smart_home,power
2026-01-02 21:57:52,patient-001,tv_power_state,off,none,smart_home,power
2026-01-02 22:10:59,patient-001,tv_power_watts,303.1,W,smart_home,power
2026-01-02 22:23:03,patient-001,computer_power_state,on,none,smart_home,power
2026-01-02 22:36:07,patient-001,computer_power_watts,123.9,W,smart_home,power
2026-01-02 22:49:48,patient-001,microwave_power_state,off,none,smart_home,power
2026-01-02 23:02:31,patient-001,microwave_power_watts,223.0,W,smart_home,power
2026-01-02 23:15:29,patient-001,washing_machine_power_state,off,none,smart_home,power
2026-01-02 23:28:35,patient-001,washing_machine_power_watts,99.7,W,smart_home,power
2026-01-03 00:34:32,patient-001,phone_battery_level,82,percent,phone,device
2026-01-03 00:47:36,patient-001,phone_battery_state,discharging,none,phone,device
2026-01-03 01:00:03,patient-001,phone_power_source,battery,none,phone,device
2026-01-03 01:13:18,patient-001,phone_screen_state,off,none,phone,device
2026-01-03 01:26:16,patient-001,phone_lock_state,locked,none,phone,device
2026-01-03 01:39:39,patient-001,phone_interactive_state,interactive,none,phone,device
2026-01-03 01:52:58,patient-001,phone_orientation,face_up,none,phone,device
2026-01-03 02:05:30,patient-001,phone_brightness_level,86,percent,phone,device
2026-01-03 02:18:53,patient-001,phone_volume_level,48,percent,phone,device
2026-01-03 02:31:06,patient-001,phone_ringer_mode,normal,none,phone,device
2026-01-03 02:44:02,patient-001,phone_do_not_disturb_state,on,none,phone,device
2026-01-03 02:57:51,patient-001,phone_airplane_mode,off,none,phone,device
2026-01-03 03:10:14,patient-001,phone_wifi_state,connected,none,phone,device
2026-01-03 03:23:22,patient-001,phone_wifi_ssid,HomeNet,none,phone,device
2026-01-03 03:36:00,patient-001,phone_cellular_signal_strength,-86,dBm,phone,device
2026-01-03 03:49:14,patient-001,phone_bluetooth_state,off,none,phone,device
2026-01-03 04:02:11,patient-001,phone_headphones_connected,disconnected,none,phone,device
2026-01-03 04:15:11,patient-001,phone_nfc_state,off,none,phone,device
2026-01-03 04:28:24,patient-001,phone_location_latitude,40.655484,degrees,phone,location
2026-01-03 04:41:58,patient-001,phone_location_longitude,-74.017513,degrees,phone,location
2026-01-03 04:54:12,patient-001,phone_location_accuracy,12.0,meters,phone,location
2026-01-03 05:07:48,patient-001,phone_location_altitude,23.7,meters,phone,location
2026-01-03 05:20:37,patient-001,phone_location_speed,0.41,m/s,phone,location
2026-01-03 05:33:25,patient-001,phone_location_bearing,155,degrees,phone,location
2026-01-03 05:46:58,patient-001,phone_accelerometer_x,4.093,m/s2,phone,motion
2026-01-03 05:59:56,patient-001,phone_accelerometer_y,-0.6,m/s2,phone,motion
2026-01-03 06:12:48,patient-001,phone_accelerometer_z,-5.285,m/s2,phone,motion
2026-01-03 06:25:51,patient-001,phone_gyroscope_x,0.1128,rad/s,phone,motion
2026-01-03 06:38:49,patient-001,phone_gyroscope_y,-0.1421,rad/s,phone,motion
2026-01-03 06:51:47,patient-001,phone_gyroscope_z,-0.0661,rad/s,phone,motion
2026-01-03 07:04:44,patient-001,phone_magnetometer_x,15.91,microtesla,phone,motion
2026-01-03 07:17:10,patient-001,phone_magnetometer_y,25.62,microtesla,phone,motion
2026-01-03 07:30:37,patient-001,phone_magnetometer_z,10.26,microtesla,phone,motion
2026-01-03 07:43:03,patient-001,phone_barometer_pressure,1003.1,hPa,phone,motion
2026-01-03 07:56:08,patient-001,phone_ambient_light_lux,316.5,lux,phone,motion
2026-01-03 08:09:59,patient-001,phone_proximity_state,far,none,phone,motion
2026-01-03 08:22:44,patient-001,phone_step_detector_event,step,none,phone,motion
2026-01-03 08:35:06,patient-001,phone_step_counter_value,13717,steps,phone,motion
2026-01-03 08:48:21,patient-001,phone_activity_recognition_state,walking,none,phone,motion
2026-01-03 09:01:31,patient-001,phone_app_foreground_package,com.google.android.gm,none,phone,app_usage
2026-01-03 09:14:43,patient-001,phone_app_foreground_name,Netflix,none,phone,app_usage
2026-01-03 09:27:23,patient-001,phone_notification_posted_app,Calendar,none,phone,app_usage
2026-01-03 09:40:05,patient-001,phone_notification_removed_app,Fitbit,none,phone,app_usage
2026-01-03 09:53:11,patient-001,phone_sms_received_event,none,none,phone,communication
2026-01-03 10:06:39,patient-001,phone_sms_sent_event,none,none,phone,communication
2026-01-03 10:19:49,patient-001,phone_call_state,idle,none,phone,communication
2026-01-03 10:32:04,patient-001,phone_call_direction,incoming,none,phone,communication
2026-01-03 10:45:45,patient-001,phone_keyboard_visible_state,hidden,none,phone,device
2026-01-03 10:58:02,patient-001,phone_clipboard_changed_event,none,none,phone,device
2026-01-03 11:11:20,patient-001,phone_camera_open_state,open,none,phone,device
2026-01-03 11:24:53,patient-001,wearable_heart_rate,77,bpm,wearable,wearable
2026-01-03 11:37:28,patient-001,wearable_resting_heart_rate,57,bpm,wearable,wearable
2026-01-03 11:50:06,patient-001,wearable_hrv_value,53.1,ms,wearable,wearable
2026-01-03 12:03:32,patient-001,wearable_spo2,96.9,percent,wearable,wearable
2026-01-03 12:16:30,patient-001,wearable_skin_temperature,36.01,celsius,wearable,wearable
2026-01-03 12:29:44,patient-001,wearable_respiratory_rate,19.1,breaths/min,wearable,wearable
2026-01-03 12:42:35,patient-001,wearable_step_counter,13825,steps,phone,motion
2026-01-03 12:55:09,patient-001,wearable_calories_burned,52309,kcal,wearable,wearable
2026-01-03 13:08:49,patient-001,wearable_sleep_state,awake,none,wearable,wearable
2026-01-03 13:21:52,patient-001,wearable_sleep_stage,light,none,wearable,wearable
2026-01-03 13:34:40,patient-001,wearable_body_position,lying_right,none,wearable,wearable
2026-01-03 13:47:11,patient-001,wearable_device_battery_level,35,percent,wearable,wearable
2026-01-03 14:00:49,patient-001,smartwatch_screen_state,on,none,smartwatch,wearable
2026-01-03 14:13:26,patient-001,smartwatch_workout_state,inactive,none,smartwatch,wearable
2026-01-03 14:26:57,patient-001,smartwatch_workout_type,none,none,smartwatch,wearable
2026-01-03 14:39:24,patient-001,front_door_contact_state,closed,none,smart_home,contact
2026-01-03 14:52:07,patient-001,bedroom_door_contact_state,open,none,smart_home,contact
2026-01-03 15:05:01,patient-001,bathroom_door_contact_state,closed,none,smart_home,contact
2026-01-03 15:18:53,patient-001,refrigerator_door_contact_state,closed,none,smart_home,contact
2026-01-03 15:31:34,patient-001,pantry_door_contact_state,closed,none,smart_home,contact
2026-01-03 15:44:20,patient-001,medicine_cabinet_contact_state,open,none,smart_home,contact
2026-01-03 15:57:17,patient-001,window_contact_state,closed,none,smart_home,contact
2026-01-03 16:10:22,patient-001,kitchen_motion_state,off,none,smart_home,occupancy
2026-01-03 16:23:21,patient-001,bedroom_motion_state,off,none,smart_home,occupancy
2026-01-03 16:36:15,patient-001,bathroom_motion_state,on,none,smart_home,occupancy
2026-01-03 16:49:22,patient-001,living_room_motion_state,off,none,smart_home,occupancy
2026-01-03 17:02:38,patient-001,hallway_motion_state,off,none,smart_home,occupancy
2026-01-03 17:15:50,patient-001,bed_pressure_sensor_state,clear,none,smart_home,occupancy
2026-01-03 17:28:03,patient-001,chair_pressure_sensor_state,clear,none,smart_home,occupancy
2026-01-03 17:41:31,patient-001,sofa_pressure_sensor_state,clear,none,smart_home,occupancy
2026-01-03 17:54:42,patient-001,smart_light_power_state,off,none,smart_home,lighting
2026-01-03 18:07:35,patient-001,smart_light_brightness,88,percent,smart_home,lighting
2026-01-03 18:20:41,patient-001,smart_light_color_temperature,3348,kelvin,smart_home,lighting
2026-01-03 18:33:15,patient-001,smart_light_rgb_color,"204,99,241",none,smart_home,lighting
2026-01-03 18:46:36,patient-001,room_illuminance_lux,191.3,lux,smart_home,environment
2026-01-03 18:59:31,patient-001,thermostat_current_temperature,21.6,celsius,smart_home,environment
2026-01-03 19:12:02,patient-001,thermostat_target_temperature,20.2,celsius,smart_home,environment
2026-01-03 19:25:42,patient-001,thermostat_hvac_mode,heat,none,smart_home,environment
2026-01-03 19:38:19,patient-001,thermostat_hvac_action,idle,none,smart_home,environment
2026-01-03 19:51:04,patient-001,room_humidity,32,percent,smart_home,environment
2026-01-03 20:04:14,patient-001,indoor_co2_ppm,710,ppm,smart_home,environment
2026-01-03 20:17:15,patient-001,indoor_pm25,8.2,ug/m3,smart_home,environment
2026-01-03 20:30:36,patient-001,indoor_voc_level,77,index,smart_home,environment
2026-01-03 20:43:37,patient-001,indoor_air_quality_index,28,index,smart_home,environment
2026-01-03 20:56:15,patient-001,noise_sensor_decibels,34.1,dB,smart_home,environment
2026-01-03 21:09:44,patient-001,smart_plug_power_watts,146.0,W,smart_home,power
2026-01-03 21:22:58,patient-001,smart_plug_voltage,119.4,V,smart_home,power
2026-01-03 21:35:47,patient-001,smart_plug_current_amps,0.89,A,smart_home,power
2026-01-03 21:48:48,patient-001,coffee_machine_power_state,off,none,smart_home,power
2026-01-03 22:01:23,patient-001,coffee_machine_power_watts,143.4,W,smart_home,power
2026-01-03 22:14:10,patient-001,tv_power_state,off,none,smart_home,power
2026-01-03 22:27:03,patient-001,tv_power_watts,247.3,W,smart_home,power
2026-01-03 22:40:05,patient-001,computer_power_state,off,none,smart_home,power
2026-01-03 22:53:27,patient-001,computer_power_watts,111.6,W,smart_home,power
2026-01-03 23:06:04,patient-001,microwave_power_state,off,none,smart_home,power
2026-01-03 23:19:41,patient-001,microwave_power_watts,103.6,W,smart_home,power
2026-01-03 23:32:17,patient-001,washing_machine_power_state,off,none,smart_home,power
2026-01-03 23:45:22,patient-001,washing_machine_power_watts,157.4,W,smart_home,power
2026-01-04 00:02:14,patient-001,washing_machine_power_watts,33.1,W,smart_home,power
2026-01-04 00:51:52,patient-001,phone_battery_level,55,percent,phone,device
2026-01-04 01:04:41,patient-001,phone_battery_state,charging,none,phone,device
2026-01-04 01:17:30,patient-001,phone_power_source,battery,none,phone,device
2026-01-04 01:30:45,patient-001,phone_screen_state,off,none,phone,device
2026-01-04 01:43:44,patient-001,phone_lock_state,locked,none,phone,device
2026-01-04 01:56:11,patient-001,phone_interactive_state,idle,none,phone,device
2026-01-04 02:09:10,patient-001,phone_orientation,portrait,none,phone,device
2026-01-04 02:22:44,patient-001,phone_brightness_level,88,percent,phone,device
2026-01-04 02:35:13,patient-001,phone_volume_level,33,percent,phone,device
2026-01-04 02:48:55,patient-001,phone_ringer_mode,normal,none,phone,device
2026-01-04 03:01:55,patient-001,phone_do_not_disturb_state,on,none,phone,device
2026-01-04 03:14:31,patient-001,phone_airplane_mode,off,none,phone,device
2026-01-04 03:27:43,patient-001,phone_wifi_state,connected,none,phone,device
2026-01-04 03:40:33,patient-001,phone_wifi_ssid,HomeNet,none,phone,device
2026-01-04 03:53:17,patient-001,phone_cellular_signal_strength,-100,dBm,phone,device
2026-01-04 04:06:00,patient-001,phone_bluetooth_state,on,none,phone,device
2026-01-04 04:19:53,patient-001,phone_headphones_connected,disconnected,none,phone,device
2026-01-04 04:32:38,patient-001,phone_nfc_state,off,none,phone,device
2026-01-04 04:45:26,patient-001,phone_location_latitude,40.74337,degrees,phone,location
2026-01-04 04:58:08,patient-001,phone_location_longitude,-74.0158,degrees,phone,location
2026-01-04 05:11:44,patient-001,phone_location_accuracy,3.0,meters,phone,location
2026-01-04 05:24:02,patient-001,phone_location_altitude,14.6,meters,phone,location
2026-01-04 05:37:22,patient-001,phone_location_speed,1.86,m/s,phone,location
2026-01-04 05:50:38,patient-001,phone_location_bearing,339,degrees,phone,location
2026-01-04 06:03:43,patient-001,phone_accelerometer_x,0.606,m/s2,phone,motion
2026-01-04 06:16:13,patient-001,phone_accelerometer_y,-2.461,m/s2,phone,motion
2026-01-04 06:29:30,patient-001,phone_accelerometer_z,-0.18,m/s2,phone,motion
2026-01-04 06:42:24,patient-001,phone_gyroscope_x,0.0218,rad/s,phone,motion
2026-01-04 06:55:58,patient-001,phone_gyroscope_y,-0.0153,rad/s,phone,motion
2026-01-04 07:08:59,patient-001,phone_gyroscope_z,0.212,rad/s,phone,motion
2026-01-04 07:21:05,patient-001,phone_magnetometer_x,23.55,microtesla,phone,motion
2026-01-04 07:34:35,patient-001,phone_magnetometer_y,12.36,microtesla,phone,motion
2026-01-04 07:47:09,patient-001,phone_magnetometer_z,23.14,microtesla,phone,motion
2026-01-04 08:00:22,patient-001,phone_barometer_pressure,1016.9,hPa,phone,motion
2026-01-04 08:13:08,patient-001,phone_ambient_light_lux,54.2,lux,phone,motion
2026-01-04 08:26:58,patient-001,phone_proximity_state,far,none,phone,motion
2026-01-04 08:39:00,patient-001,phone_step_detector_event,step,none,phone,motion
2026-01-04 08:52:31,patient-001,phone_step_counter_value,13999,steps,phone,motion
2026-01-04 09:05:47,patient-001,phone_activity_recognition_state,stationary,none,phone,motion
2026-01-04 09:18:54,patient-001,phone_app_foreground_package,com.bank.mobile,none,phone,app_usage
2026-01-04 09:31:34,patient-001,phone_app_foreground_name,Netflix,none,phone,app_usage
2026-01-04 09:44:33,patient-001,phone_notification_posted_app,Gmail,none,phone,app_usage
2026-01-04 09:57:16,patient-001,phone_notification_removed_app,Calendar,none,phone,app_usage
2026-01-04 10:10:49,patient-001,phone_sms_received_event,none,none,phone,communication
2026-01-04 10:23:14,patient-001,phone_sms_sent_event,sent,none,phone,communication
2026-01-04 10:36:43,patient-001,phone_call_state,idle,none,phone,communication
2026-01-04 10:49:41,patient-001,phone_call_direction,none,none,phone,communication
2026-01-04 11:02:26,patient-001,phone_keyboard_visible_state,hidden,none,phone,device
2026-01-04 11:15:51,patient-001,phone_clipboard_changed_event,none,none,phone,device
2026-01-04 11:28:33,patient-001,phone_camera_open_state,closed,none,phone,device
2026-01-04 11:41:22,patient-001,wearable_heart_rate,72,bpm,wearable,wearable
2026-01-04 11:54:00,patient-001,wearable_resting_heart_rate,55,bpm,wearable,wearable
2026-01-04 12:07:20,patient-001,wearable_hrv_value,58.8,ms,wearable,wearable
2026-01-04 12:20:56,patient-001,wearable_spo2,96.2,percent,wearable,wearable
2026-01-04 12:33:48,patient-001,wearable_skin_temperature,35.84,celsius,wearable,wearable
2026-01-04 12:46:39,patient-001,wearable_respiratory_rate,14.7,breaths/min,wearable,wearable
2026-01-04 12:59:12,patient-001,wearable_step_counter,14062,steps,phone,motion
2026-01-04 13:12:48,patient-001,wearable_calories_burned,52431,kcal,wearable,wearable
2026-01-04 13:25:24,patient-001,wearable_sleep_state,awake,none,wearable,wearable
2026-01-04 13:38:45,patient-001,wearable_sleep_stage,awake,none,wearable,wearable
2026-01-04 13:51:55,patient-001,wearable_body_position,standing,none,wearable,wearable
2026-01-04 14:04:39,patient-001,wearable_device_battery_level,66,percent,wearable,wearable
2026-01-04 14:17:00,patient-001,smartwatch_screen_state,off,none,smartwatch,wearable
2026-01-04 14:30:32,patient-001,smartwatch_workout_state,inactive,none,smartwatch,wearable
2026-01-04 14:43:49,patient-001,smartwatch_workout_type,none,none,smartwatch,wearable
2026-01-04 14:56:10,patient-001,front_door_contact_state,closed,none,smart_home,contact
2026-01-04 15:09:16,patient-001,bedroom_door_contact_state,closed,none,smart_home,contact
2026-01-04 15:22:01,patient-001,bathroom_door_contact_state,closed,none,smart_home,contact
2026-01-04 15:35:56,patient-001,refrigerator_door_contact_state,closed,none,smart_home,contact
2026-01-04 15:48:01,patient-001,pantry_door_contact_state,closed,none,smart_home,contact
2026-01-04 16:01:32,patient-001,medicine_cabinet_contact_state,open,none,smart_home,contact
2026-01-04 16:14:35,patient-001,window_contact_state,closed,none,smart_home,contact
2026-01-04 16:27:47,patient-001,kitchen_motion_state,off,none,smart_home,occupancy
2026-01-04 16:40:27,patient-001,bedroom_motion_state,off,none,smart_home,occupancy
2026-01-04 16:53:30,patient-001,bathroom_motion_state,off,none,smart_home,occupancy
2026-01-04 17:06:25,patient-001,living_room_motion_state,off,none,smart_home,occupancy
2026-01-04 17:19:55,patient-001,hallway_motion_state,on,none,smart_home,occupancy
2026-01-04 17:32:06,patient-001,bed_pressure_sensor_state,clear,none,smart_home,occupancy
2026-01-04 17:45:22,patient-001,chair_pressure_sensor_state,occupied,none,smart_home,occupancy
2026-01-04 17:58:28,patient-001,sofa_pressure_sensor_state,clear,none,smart_home,occupancy
2026-01-04 18:11:44,patient-001,smart_light_power_state,off,none,smart_home,lighting
2026-01-04 18:24:04,patient-001,smart_light_brightness,0,percent,smart_home,lighting
2026-01-04 18:37:53,patient-001,smart_light_color_temperature,2792,kelvin,smart_home,lighting
2026-01-04 18:50:19,patient-001,smart_light_rgb_color,"210,183,240",none,smart_home,lighting
2026-01-04 19:03:55,patient-001,room_illuminance_lux,88.9,lux,smart_home,environment
2026-01-04 19:16:05,patient-001,thermostat_current_temperature,22.7,celsius,smart_home,environment
2026-01-04 19:29:57,patient-001,thermostat_target_temperature,20.1,celsius,smart_home,environment
2026-01-04 19:42:00,patient-001,thermostat_hvac_mode,auto,none,smart_home,environment
2026-01-04 19:55:45,patient-001,thermostat_hvac_action,idle,none,smart_home,environment
2026-01-04 20:08:41,patient-001,room_humidity,55,percent,smart_home,environment
2026-01-04 20:21:11,patient-001,indoor_co2_ppm,390,ppm,smart_home,environment
2026-01-04 20:34:55,patient-001,indoor_pm25,10.0,ug/m3,smart_home,environment
2026-01-04 20:47:01,patient-001,indoor_voc_level,139,index,smart_home,environment
2026-01-04 21:00:44,patient-001,indoor_air_quality_index,46,index,smart_home,environment
2026-01-04 21:13:19,patient-001,noise_sensor_decibels,48.0,dB,smart_home,environment
2026-01-04 21:26:11,patient-001,smart_plug_power_watts,6.5,W,smart_home,power
2026-01-04 21:39:25,patient-001,smart_plug_voltage,122.0,V,smart_home,power
2026-01-04 21:52:25,patient-001,smart_plug_current_amps,3.4,A,smart_home,power
2026-01-04 22:05:21,patient-001,coffee_machine_power_state,off,none,smart_home,power
2026-01-04 22:18:49,patient-001,coffee_machine_power_watts,69.1,W,smart_home,power
2026-01-04 22:31:15,patient-001,tv_power_state,on,none,smart_home,power
2026-01-04 22:44:49,patient-001,tv_power_watts,167.2,W,smart_home,power
2026-01-04 22:57:45,patient-001,computer_power_state,off,none,smart_home,power
2026-01-04 23:10:28,patient-001,computer_power_watts,164.6,W,smart_home,power
2026-01-04 23:23:00,patient-001,microwave_power_state,off,none,smart_home,power
2026-01-04 23:36:54,patient-001,microwave_power_watts,252.2,W,smart_home,power
2026-01-04 23:49:58,patient-001,washing_machine_power_state,off,none,smart_home,power
2026-01-05 00:06:27,patient-001,washing_machine_power_state,off,none,smart_home,power
2026-01-05 00:19:54,patient-001,washing_machine_power_watts,168.0,W,smart_home,power
2026-01-05 01:08:47,patient-001,phone_battery_level,94,percent,phone,device
2026-01-05 01:21:44,patient-001,phone_battery_state,discharging,none,phone,device
2026-01-05 01:34:45,patient-001,phone_power_source,battery,none,phone,device
2026-01-05 01:47:41,patient-001,phone_screen_state,off,none,phone,device
2026-01-05 02:00:13,patient-001,phone_lock_state,unlocked,none,phone,device
2026-01-05 02:13:08,patient-001,phone_interactive_state,idle,none,phone,device
2026-01-05 02:26:48,patient-001,phone_orientation,portrait,none,phone,device
2026-01-05 02:39:12,patient-001,phone_brightness_level,84,percent,phone,device
2026-01-05 02:52:27,patient-001,phone_volume_level,62,percent,phone,device
2026-01-05 03:05:13,patient-001,phone_ringer_mode,vibrate,none,phone,device
2026-01-05 03:18:00,patient-001,phone_do_not_disturb_state,on,none,phone,device
2026-01-05 03:31:05,patient-001,phone_airplane_mode,off,none,phone,device
2026-01-05 03:44:39,patient-001,phone_wifi_state,connected,none,phone,device
2026-01-05 03:57:29,patient-001,phone_wifi_ssid,HomeNet,none,phone,device
2026-01-05 04:10:04,patient-001,phone_cellular_signal_strength,-80,dBm,phone,device
2026-01-05 04:23:15,patient-001,phone_bluetooth_state,on,none,phone,device
2026-01-05 04:36:27,patient-001,phone_headphones_connected,disconnected,none,phone,device
2026-01-05 04:49:37,patient-001,phone_nfc_state,on,none,phone,device
2026-01-05 05:02:41,patient-001,phone_location_latitude,40.709144,degrees,phone,location
2026-01-05 05:15:51,patient-001,phone_location_longitude,-74.032345,degrees,phone,location
2026-01-05 05:28:47,patient-001,phone_location_accuracy,11.1,meters,phone,location
2026-01-05 05:41:05,patient-001,phone_location_altitude,17.6,meters,phone,location
2026-01-05 05:54:41,patient-001,phone_location_speed,1.38,m/s,phone,location
2026-01-05 06:07:48,patient-001,phone_location_bearing,139,degrees,phone,location
2026-01-05 06:20:03,patient-001,phone_accelerometer_x,-0.374,m/s2,phone,motion
2026-01-05 06:33:03,patient-001,phone_accelerometer_y,-1.722,m/s2,phone,motion
2026-01-05 06:46:44,patient-001,phone_accelerometer_z,2.949,m/s2,phone,motion
2026-01-05 06:59:21,patient-001,phone_gyroscope_x,-0.093,rad/s,phone,motion
2026-01-05 07:12:51,patient-001,phone_gyroscope_y,-0.0883,rad/s,phone,motion
2026-01-05 07:25:24,patient-001,phone_gyroscope_z,-0.0886,rad/s,phone,motion
2026-01-05 07:38:31,patient-001,phone_magnetometer_x,28.46,microtesla,phone,motion
2026-01-05 07:51:45,patient-001,phone_magnetometer_y,25.7,microtesla,phone,motion
2026-01-05 08:04:14,patient-001,phone_magnetometer_z,42.88,microtesla,phone,motion
2026-01-05 08:17:04,patient-001,phone_barometer_pressure,1007.8,hPa,phone,motion
2026-01-05 08:30:25,patient-001,phone_ambient_light_lux,175.9,lux,phone,motion
2026-01-05 08:43:56,patient-001,phone_proximity_state,far,none,phone,motion
2026-01-05 08:56:01,patient-001,phone_step_detector_event,none,none,phone,motion
2026-01-05 09:09:05,patient-001,phone_step_counter_value,14212,steps,phone,motion
2026-01-05 09:22:04,patient-001,phone_activity_recognition_state,walking,none,phone,motion
2026-01-05 09:35:29,patient-001,phone_app_foreground_package,com.google.android.gm,none,phone,app_usage
2026-01-05 09:48:32,patient-001,phone_app_foreground_name,Messages,none,phone,app_usage
2026-01-05 10:01:08,patient-001,phone_notification_posted_app,Fitbit,none,phone,app_usage
2026-01-05 10:14:29,patient-001,phone_notification_removed_app,Gmail,none,phone,app_usage
2026-01-05 10:27:14,patient-001,phone_sms_received_event,received,none,phone,communication
2026-01-05 10:40:25,patient-001,phone_sms_sent_event,none,none,phone,communication
2026-01-05 10:53:07,patient-001,phone_call_state,idle,none,phone,communication
2026-01-05 11:06:50,patient-001,phone_call_direction,none,none,phone,communication
2026-01-05 11:19:32,patient-001,phone_keyboard_visible_state,hidden,none,phone,device
2026-01-05 11:32:54,patient-001,phone_clipboard_changed_event,none,none,phone,device
2026-01-05 11:45:14,patient-001,phone_camera_open_state,closed,none,phone,device
2026-01-05 11:58:10,patient-001,wearable_heart_rate,79,bpm,wearable,wearable
2026-01-05 12:11:42,patient-001,wearable_resting_heart_rate,74,bpm,wearable,wearable
2026-01-05 12:24:18,patient-001,wearable_hrv_value,57.0,ms,wearable,wearable
2026-01-05 12:37:53,patient-001,wearable_spo2,94.6,percent,wearable,wearable
2026-01-05 12:50:03,patient-001,wearable_skin_temperature,36.61,celsius,wearable,wearable
2026-01-05 13:03:45,patient-001,wearable_respiratory_rate,12.1,breaths/min,wearable,wearable
2026-01-05 13:16:34,patient-001,wearable_step_counter,14728,steps,phone,motion
2026-01-05 13:29:50,patient-001,wearable_calories_burned,52546,kcal,wearable,wearable
2026-01-05 13:42:11,patient-001,wearable_sleep_state,awake,none,wearable,wearable
2026-01-05 13:55:13,patient-001,wearable_sleep_stage,light,none,wearable,wearable
2026-01-05 14:08:04,patient-001,wearable_body_position,sitting,none,wearable,wearable
2026-01-05 14:21:05,patient-001,wearable_device_battery_level,58,percent,wearable,wearable
2026-01-05 14:34:45,patient-001,smartwatch_screen_state,off,none,smartwatch,wearable
2026-01-05 14:47:59,patient-001,smartwatch_workout_state,inactive,none,smartwatch,wearable
2026-01-05 15:00:40,patient-001,smartwatch_workout_type,walk,none,smartwatch,wearable
2026-01-05 15:13:08,patient-001,front_door_contact_state,open,none,smart_home,contact
2026-01-05 15:26:20,patient-001,bedroom_door_contact_state,closed,none,smart_home,contact
2026-01-05 15:39:26,patient-001,bathroom_door_contact_state,closed,none,smart_home,contact
2026-01-05 15:52:41,patient-001,refrigerator_door_contact_state,closed,none,smart_home,contact
2026-01-05 16:05:26,patient-001,pantry_door_contact_state,closed,none,smart_home,contact
2026-01-05 16:18:29,patient-001,medicine_cabinet_contact_state,closed,none,smart_home,contact
2026-01-05 16:31:36,patient-001,window_contact_state,open,none,smart_home,contact
2026-01-05 16:44:38,patient-001,kitchen_motion_state,on,none,smart_home,occupancy
2026-01-05 16:57:15,patient-001,bedroom_motion_state,on,none,smart_home,occupancy
2026-01-05 17:10:35,patient-001,bathroom_motion_state,on,none,smart_home,occupancy
2026-01-05 17:23:23,patient-001,living_room_motion_state,off,none,smart_home,occupancy
2026-01-05 17:36:02,patient-001,hallway_motion_state,off,none,smart_home,occupancy
2026-01-05 17:49:34,patient-001,bed_pressure_sensor_state,clear,none,smart_home,occupancy
2026-01-05 18:02:32,patient-001,chair_pressure_sensor_state,occupied,none,smart_home,occupancy
2026-01-05 18:15:56,patient-001,sofa_pressure_sensor_state,occupied,none,smart_home,occupancy
2026-01-05 18:28:30,patient-001,smart_light_power_state,off,none,smart_home,lighting
2026-01-05 18:41:00,patient-001,smart_light_brightness,47,percent,smart_home,lighting
2026-01-05 18:54:28,patient-001,smart_light_color_temperature,4076,kelvin,smart_home,lighting
2026-01-05 19:07:51,patient-001,smart_light_rgb_color,"165,156,69",none,smart_home,lighting
2026-01-05 19:20:33,patient-001,room_illuminance_lux,124.8,lux,smart_home,environment
2026-01-05 19:33:42,patient-001,thermostat_current_temperature,22.2,celsius,smart_home,environment
2026-01-05 19:46:37,patient-001,thermostat_target_temperature,21.1,celsius,smart_home,environment
2026-01-05 19:59:00,patient-001,thermostat_hvac_mode,auto,none,smart_home,environment
2026-01-05 20:12:59,patient-001,thermostat_hvac_action,heating,none,smart_home,environment
2026-01-05 20:25:30,patient-001,room_humidity,54,percent,smart_home,environment
2026-01-05 20:38:06,patient-001,indoor_co2_ppm,725,ppm,smart_home,environment
2026-01-05 20:51:14,patient-001,indoor_pm25,5.1,ug/m3,smart_home,environment
2026-01-05 21:04:24,patient-001,indoor_voc_level,54,index,smart_home,environment
2026-01-05 21:17:16,patient-001,indoor_air_quality_index,26,index,smart_home,environment
2026-01-05 21:30:36,patient-001,noise_sensor_decibels,32.7,dB,smart_home,environment
2026-01-05 21:43:29,patient-001,smart_plug_power_watts,139.5,W,smart_home,power
2026-01-05 21:56:36,patient-001,smart_plug_voltage,124.3,V,smart_home,power
2026-01-05 22:09:40,patient-001,smart_plug_current_amps,2.01,A,smart_home,power
2026-01-05 22:22:48,patient-001,coffee_machine_power_state,off,none,smart_home,power
2026-01-05 22:35:37,patient-001,coffee_machine_power_watts,63.8,W,smart_home,power
2026-01-05 22:48:53,patient-001,tv_power_state,off,none,smart_home,power
2026-01-05 23:01:48,patient-001,tv_power_watts,320.2,W,smart_home,power
2026-01-05 23:14:45,patient-001,computer_power_state,on,none,smart_home,power
2026-01-05 23:27:19,patient-001,computer_power_watts,337.1,W,smart_home,power
2026-01-05 23:40:55,patient-001,microwave_power_state,on,none,smart_home,power
2026-01-05 23:53:02,patient-001,microwave_power_watts,276.8,W,smart_home,power
2026-01-06 00:10:21,patient-001,microwave_power_watts,215.9,W,smart_home,power
2026-01-06 00:23:58,patient-001,washing_machine_power_state,off,none,smart_home,power
2026-01-06 00:36:58,patient-001,washing_machine_power_watts,75.6,W,smart_home,power
2026-01-06 01:25:35,patient-001,phone_battery_level,48,percent,phone,device
2026-01-06 01:38:04,patient-001,phone_battery_state,charging,none,phone,device
2026-01-06 01:51:33,patient-001,phone_power_source,battery,none,phone,device
2026-01-06 02:04:13,patient-001,phone_screen_state,on,none,phone,device
2026-01-06 02:17:27,patient-001,phone_lock_state,unlocked,none,phone,device
2026-01-06 02:30:08,patient-001,phone_interactive_state,idle,none,phone,device
2026-01-06 02:43:54,patient-001,phone_orientation,face_up,none,phone,device
2026-01-06 02:56:38,patient-001,phone_brightness_level,71,percent,phone,device
2026-01-06 03:09:33,patient-001,phone_volume_level,19,percent,phone,device
2026-01-06 03:22:11,patient-001,phone_ringer_mode,normal,none,phone,device
2026-01-06 03:35:00,patient-001,phone_do_not_disturb_state,off,none,phone,device
2026-01-06 03:48:00,patient-001,phone_airplane_mode,off,none,phone,device
2026-01-06 04:01:17,patient-001,phone_wifi_state,disconnected,none,phone,device
2026-01-06 04:14:55,patient-001,phone_wifi_ssid,HomeNet,none,phone,device
2026-01-06 04:27:02,patient-001,phone_cellular_signal_strength,-85,dBm,phone,device
2026-01-06 04:40:07,patient-001,phone_bluetooth_state,on,none,phone,device
2026-01-06 04:53:51,patient-001,phone_headphones_connected,disconnected,none,phone,device
2026-01-06 05:06:22,patient-001,phone_nfc_state,on,none,phone,device
2026-01-06 05:19:23,patient-001,phone_location_latitude,40.697611,degrees,phone,location
2026-01-06 05:32:20,patient-001,phone_location_longitude,-74.000912,degrees,phone,location
2026-01-06 05:45:42,patient-001,phone_location_accuracy,20.0,meters,phone,location
2026-01-06 05:58:46,patient-001,phone_location_altitude,12.7,meters,phone,location
2026-01-06 06:11:52,patient-001,phone_location_speed,0.48,m/s,phone,location
2026-01-06 06:24:03,patient-001,phone_location_bearing,235,degrees,phone,location
2026-01-06 06:37:32,patient-001,phone_accelerometer_x,2.458,m/s2,phone,motion
2026-01-06 06:50:01,patient-001,phone_accelerometer_y,-3.204,m/s2,phone,motion
2026-01-06 07:03:24,patient-001,phone_accelerometer_z,0.7,m/s2,phone,motion
2026-01-06 07:16:56,patient-001,phone_gyroscope_x,-0.0431,rad/s,phone,motion
2026-01-06 07:29:37,patient-001,phone_gyroscope_y,-0.1379,rad/s,phone,motion
2026-01-06 07:42:24,patient-001,phone_gyroscope_z,-0.1511,rad/s,phone,motion
2026-01-06 07:55:54,patient-001,phone_magnetometer_x,25.56,microtesla,phone,motion
2026-01-06 08:08:32,patient-001,phone_magnetometer_y,30.36,microtesla,phone,motion
2026-01-06 08:21:38,patient-001,phone_magnetometer_z,18.79,microtesla,phone,motion
2026-01-06 08:34:19,patient-001,phone_barometer_pressure,1002.1,hPa,phone,motion
2026-01-06 08:47:08,patient-001,phone_ambient_light_lux,133.0,lux,phone,motion
2026-01-06 09:00:16,patient-001,phone_proximity_state,far,none,phone,motion
2026-01-06 09:13:49,patient-001,phone_step_detector_event,step,none,phone,motion
2026-01-06 09:26:34,patient-001,phone_step_counter_value,14781,steps,phone,motion
2026-01-06 09:39:53,patient-001,phone_activity_recognition_state,stationary,none,phone,motion
2026-01-06 09:52:58,patient-001,phone_app_foreground_package,com.bank.mobile,none,phone,app_usage
2026-01-06 10:05:58,patient-001,phone_app_foreground_name,Messages,none,phone,app_usage
2026-01-06 10:18:47,patient-001,phone_notification_posted_app,Fitbit,none,phone,app_usage
2026-01-06 10:31:05,patient-001,phone_notification_removed_app,Calendar,none,phone,app_usage
2026-01-06 10:44:24,patient-001,phone_sms_received_event,none,none,phone,communication
2026-01-06 10:57:47,patient-001,phone_sms_sent_event,none,none,phone,communication
2026-01-06 11:10:18,patient-001,phone_call_state,idle,none,phone,communication
2026-01-06 11:23:39,patient-001,phone_call_direction,none,none,phone,communication
2026-01-06 11:36:09,patient-001,phone_keyboard_visible_state,hidden,none,phone,device
2026-01-06 11:49:55,patient-001,phone_clipboard_changed_event,none,none,phone,device
2026-01-06 12:02:12,patient-001,phone_camera_open_state,closed,none,phone,device
2026-01-06 12:15:53,patient-001,wearable_heart_rate,81,bpm,wearable,wearable
2026-01-06 12:28:38,patient-001,wearable_resting_heart_rate,49,bpm,wearable,wearable
2026-01-06 12:41:45,patient-001,wearable_hrv_value,72.6,ms,wearable,wearable
2026-01-06 12:54:55,patient-001,wearable_spo2,97.9,percent,wearable,wearable
2026-01-06 13:07:27,patient-001,wearable_skin_temperature,36.27,celsius,wearable,wearable
2026-01-06 13:20:18,patient-001,wearable_respiratory_rate,14.1,breaths/min,wearable,wearable
2026-01-06 13:33:22,patient-001,wearable_step_counter,15229,steps,phone,motion
2026-01-06 13:46:51,patient-001,wearable_calories_burned,52607,kcal,wearable,wearable
2026-01-06 13:59:09,patient-001,wearable_sleep_state,asleep,none,wearable,wearable
2026-01-06 14:12:51,patient-001,wearable_sleep_stage,light,none,wearable,wearable
2026-01-06 14:25:43,patient-001,wearable_body_position,lying_right,none,wearable,wearable
2026-01-06 14:38:21,patient-001,wearable_device_battery_level,39,percent,wearable,wearable
2026-01-06 14:51:58,patient-001,smartwatch_screen_state,off,none,smartwatch,wearable
2026-01-06 15:04:12,patient-001,smartwatch_workout_state,inactive,none,smartwatch,wearable
2026-01-06 15:17:20,patient-001,smartwatch_workout_type,walk,none,smartwatch,wearable
2026-01-06 15:30:37,patient-001,front_door_contact_state,closed,none,smart_home,contact
2026-01-06 15:43:27,patient-001,bedroom_door_contact_state,closed,none,smart_home,contact
2026-01-06 15:56:01,patient-001,bathroom_door_contact_state,closed,none,smart_home,contact
2026-01-06 16:09:53,patient-001,refrigerator_door_contact_state,closed,none,smart_home,contact
2026-01-06 16:22:59,patient-001,pantry_door_contact_state,closed,none,smart_home,contact
2026-01-06 16:35:20,patient-001,medicine_cabinet_contact_state,closed,none,smart_home,contact
2026-01-06 16:48:42,patient-001,window_contact_state,closed,none,smart_home,contact
2026-01-06 17:01:44,patient-001,kitchen_motion_state,on,none,smart_home,occupancy
2026-01-06 17:14:12,patient-001,bedroom_motion_state,off,none,smart_home,occupancy
2026-01-06 17:27:39,patient-001,bathroom_motion_state,off,none,smart_home,occupancy
2026-01-06 17:40:53,patient-001,living_room_motion_state,off,none,smart_home,occupancy
2026-01-06 17:53:39,patient-001,hallway_motion_state,off,none,smart_home,occupancy
2026-01-06 18:06:54,patient-001,bed_pressure_sensor_state,clear,none,smart_home,occupancy
2026-01-06 18:19:28,patient-001,chair_pressure_sensor_state,occupied,none,smart_home,occupancy
2026-01-06 18:32:14,patient-001,sofa_pressure_sensor_state,clear,none,smart_home,occupancy
2026-01-06 18:45:35,patient-001,smart_light_power_state,off,none,smart_home,lighting
2026-01-06 18:58:19,patient-001,smart_light_brightness,75,percent,smart_home,lighting
2026-01-06 19:11:55,patient-001,smart_light_color_temperature,1800,kelvin,smart_home,lighting
2026-01-06 19:24:43,patient-001,smart_light_rgb_color,"159,179,149",none,smart_home,lighting
2026-01-06 19:37:15,patient-001,room_illuminance_lux,118.0,lux,smart_home,environment
2026-01-06 19:50:31,patient-001,thermostat_current_temperature,22.0,celsius,smart_home,environment
2026-01-06 20:03:44,patient-001,thermostat_target_temperature,20.8,celsius,smart_home,environment
2026-01-06 20:16:45,patient-001,thermostat_hvac_mode,cool,none,smart_home,environment
2026-01-06 20:29:05,patient-001,thermostat_hvac_action,idle,none,smart_home,environment
2026-01-06 20:42:07,patient-001,room_humidity,37,percent,smart_home,environment
2026-01-06 20:55:35,patient-001,indoor_co2_ppm,815,ppm,smart_home,environment
2026-01-06 21:08:05,patient-001,indoor_pm25,15.4,ug/m3,smart_home,environment
2026-01-06 21:21:34,patient-001,indoor_voc_level,120,index,smart_home,environment
2026-01-06 21:34:43,patient-001,indoor_air_quality_index,43,index,smart_home,environment
2026-01-06 21:47:47,patient-001,noise_sensor_decibels,37.0,dB,smart_home,environment
2026-01-06 22:00:15,patient-001,smart_plug_power_watts,83.3,W,smart_home,power
2026-01-06 22:13:23,patient-001,smart_plug_voltage,123.0,V,smart_home,power
2026-01-06 22:26:48,patient-001,smart_plug_current_amps,1.03,A,smart_home,power
2026-01-06 22:39:02,patient-001,coffee_machine_power_state,on,none,smart_home,power
2026-01-06 22:52:41,patient-001,coffee_machine_power_watts,58.2,W,smart_home,power
2026-01-06 23:05:38,patient-001,tv_power_state,off,none,smart_home,power
2026-01-06 23:18:38,patient-001,tv_power_watts,145.1,W,smart_home,power
2026-01-06 23:31:35,patient-001,computer_power_state,off,none,smart_home,power
2026-01-06 23:44:48,patient-001,computer_power_watts,35.5,W,smart_home,power
2026-01-06 23:57:37,patient-001,microwave_power_state,off,none,smart_home,power
2026-01-07 00:01:51,patient-001,computer_power_watts,200.4,W,smart_home,power
2026-01-07 00:14:34,patient-001,microwave_power_state,off,none,smart_home,power
2026-01-07 00:27:10,patient-001,microwave_power_watts,132.3,W,smart_home,power
2026-01-07 00:40:16,patient-001,washing_machine_power_state,off,none,smart_home,power
2026-01-07 00:53:36,patient-001,washing_machine_power_watts,144.5,W,smart_home,power
2026-01-07 01:42:46,patient-001,phone_battery_level,90,percent,phone,device
2026-01-07 01:55:40,patient-001,phone_battery_state,discharging,none,phone,device
2026-01-07 02:08:21,patient-001,phone_power_source,battery,none,phone,device
2026-01-07 02:21:39,patient-001,phone_screen_state,off,none,phone,device
2026-01-07 02:34:07,patient-001,phone_lock_state,unlocked,none,phone,device
2026-01-07 02:47:16,patient-001,phone_interactive_state,idle,none,phone,device
2026-01-07 03:00:18,patient-001,phone_orientation,portrait,none,phone,device
2026-01-07 03:13:37,patient-001,phone_brightness_level,96,percent,phone,device
2026-01-07 03:26:06,patient-001,phone_volume_level,73,percent,phone,device
2026-01-07 03:39:51,patient-001,phone_ringer_mode,normal,none,phone,device
2026-01-07 03:52:55,patient-001,phone_do_not_disturb_state,off,none,phone,device
2026-01-07 04:05:32,patient-001,phone_airplane_mode,on,none,phone,device
2026-01-07 04:18:00,patient-001,phone_wifi_state,connected,none,phone,device
2026-01-07 04:31:02,patient-001,phone_wifi_ssid,none,none,phone,device
2026-01-07 04:44:39,patient-001,phone_cellular_signal_strength,-100,dBm,phone,device
2026-01-07 04:57:40,patient-001,phone_bluetooth_state,on,none,phone,device
2026-01-07 05:10:31,patient-001,phone_headphones_connected,disconnected,none,phone,device
2026-01-07 05:23:49,patient-001,phone_nfc_state,off,none,phone,device
2026-01-07 05:36:03,patient-001,phone_location_latitude,40.719957,degrees,phone,location
2026-01-07 05:49:31,patient-001,phone_location_longitude,-74.026978,degrees,phone,location
2026-01-07 06:02:35,patient-001,phone_location_accuracy,12.2,meters,phone,location
2026-01-07 06:15:12,patient-001,phone_location_altitude,20.8,meters,phone,location
2026-01-07 06:28:21,patient-001,phone_location_speed,2.0,m/s,phone,location
2026-01-07 06:41:08,patient-001,phone_location_bearing,16,degrees,phone,location
2026-01-07 06:54:58,patient-001,phone_accelerometer_x,-1.319,m/s2,phone,motion
2026-01-07 07:07:22,patient-001,phone_accelerometer_y,0.177,m/s2,phone,motion
2026-01-07 07:20:23,patient-001,phone_accelerometer_z,-4.364,m/s2,phone,motion
2026-01-07 07:33:41,patient-001,phone_gyroscope_x,-0.05,rad/s,phone,motion
2026-01-07 07:46:17,patient-001,phone_gyroscope_y,0.0449,rad/s,phone,motion
2026-01-07 07:59:31,patient-001,phone_gyroscope_z,-0.0821,rad/s,phone,motion
2026-01-07 08:12:43,patient-001,phone_magnetometer_x,35.77,microtesla,phone,motion
2026-01-07 08:25:32,patient-001,phone_magnetometer_y,25.01,microtesla,phone,motion
2026-01-07 08:38:08,patient-001,phone_magnetometer_z,25.88,microtesla,phone,motion
2026-01-07 08:51:23,patient-001,phone_barometer_pressure,1009.7,hPa,phone,motion
2026-01-07 09:04:44,patient-001,phone_ambient_light_lux,334.5,lux,phone,motion
2026-01-07 09:17:51,patient-001,phone_proximity_state,far,none,phone,motion
2026-01-07 09:30:46,patient-001,phone_step_detector_event,none,none,phone,motion
2026-01-07 09:43:20,patient-001,phone_step_counter_value,15442,steps,phone,motion
2026-01-07 09:56:42,patient-001,phone_activity_recognition_state,stationary,none,phone,motion
2026-01-07 10:09:12,patient-001,phone_app_foreground_package,com.bank.mobile,none,phone,app_usage
2026-01-07 10:22:04,patient-001,phone_app_foreground_name,Netflix,none,phone,app_usage
2026-01-07 10:35:53,patient-001,phone_notification_posted_app,Fitbit,none,phone,app_usage
2026-01-07 10:48:52,patient-001,phone_notification_removed_app,Fitbit,none,phone,app_usage
2026-01-07 11:01:50,patient-001,phone_sms_received_event,none,none,phone,communication
2026-01-07 11:14:21,patient-001,phone_sms_sent_event,none,none,phone,communication
2026-01-07 11:27:24,patient-001,phone_call_state,idle,none,phone,communication
2026-01-07 11:40:08,patient-001,phone_call_direction,none,none,phone,communication
2026-01-07 11:53:34,patient-001,phone_keyboard_visible_state,hidden,none,phone,device
2026-01-07 12:06:22,patient-001,phone_clipboard_changed_event,none,none,phone,device
2026-01-07 12:19:37,patient-001,phone_camera_open_state,closed,none,phone,device
2026-01-07 12:32:51,patient-001,wearable_heart_rate,86,bpm,wearable,wearable
2026-01-07 12:45:27,patient-001,wearable_resting_heart_rate,62,bpm,wearable,wearable
2026-01-07 12:58:30,patient-001,wearable_hrv_value,67.8,ms,wearable,wearable
2026-01-07 13:11:45,patient-001,wearable_spo2,96.8,percent,wearable,wearable
2026-01-07 13:24:56,patient-001,wearable_skin_temperature,36.45,celsius,wearable,wearable
2026-01-07 13:37:27,patient-001,wearable_respiratory_rate,17.2,breaths/min,wearable,wearable
2026-01-07 13:50:16,patient-001,wearable_step_counter,16109,steps,phone,motion
2026-01-07 14:03:10,patient-001,wearable_calories_burned,52662,kcal,wearable,wearable
2026-01-07 14:16:34,patient-001,wearable_sleep_state,awake,none,wearable,wearable
2026-01-07 14:29:05,patient-001,wearable_sleep_stage,deep,none,wearable,wearable
2026-01-07 14:42:59,patient-001,wearable_body_position,sitting,none,wearable,wearable
2026-01-07 14:55:46,patient-001,wearable_device_battery_level,76,percent,wearable,wearable
2026-01-07 15:08:01,patient-001,smartwatch_screen_state,on,none,smartwatch,wearable
2026-01-07 15:21:05,patient-001,smartwatch_workout_state,inactive,none,smartwatch,wearable
2026-01-07 15:34:02,patient-001,smartwatch_workout_type,none,none,smartwatch,wearable
2026-01-07 15:47:47,patient-001,front_door_contact_state,closed,none,smart_home,contact
2026-01-07 16:00:36,patient-001,bedroom_door_contact_state,closed,none,smart_home,contact
2026-01-07 16:13:04,patient-001,bathroom_door_contact_state,open,none,smart_home,contact
2026-01-07 16:26:17,patient-001,refrigerator_door_contact_state,closed,none,smart_home,contact
2026-01-07 16:39:23,patient-001,pantry_door_contact_state,closed,none,smart_home,contact
2026-01-07 16:52:26,patient-001,medicine_cabinet_contact_state,closed,none,smart_home,contact
2026-01-07 17:05:03,patient-001,window_contact_state,closed,none,smart_home,contact
2026-01-07 17:18:06,patient-001,kitchen_motion_state,off,none,smart_home,occupancy
2026-01-07 17:31:04,patient-001,bedroom_motion_state,off,none,smart_home,occupancy
2026-01-07 17:44:45,patient-001,bathroom_motion_state,off,none,smart_home,occupancy
2026-01-07 17:57:20,patient-001,living_room_motion_state,on,none,smart_home,occupancy
2026-01-07 18:10:26,patient-001,hallway_motion_state,off,none,smart_home,occupancy
2026-01-07 18:23:56,patient-001,bed_pressure_sensor_state,clear,none,smart_home,occupancy
2026-01-07 18:36:16,patient-001,chair_pressure_sensor_state,clear,none,smart_home,occupancy
2026-01-07 18:49:18,patient-001,sofa_pressure_sensor_state,clear,none,smart_home,occupancy
2026-01-07 19:02:21,patient-001,smart_light_power_state,on,none,smart_home,lighting
2026-01-07 19:15:57,patient-001,smart_light_brightness,51,percent,smart_home,lighting
2026-01-07 19:28:01,patient-001,smart_light_color_temperature,2780,kelvin,smart_home,lighting
2026-01-07 19:41:29,patient-001,smart_light_rgb_color,"236,250,183",none,smart_home,lighting
2026-01-07 19:54:59,patient-001,room_illuminance_lux,145.2,lux,smart_home,environment
2026-01-07 20:07:28,patient-001,thermostat_current_temperature,21.0,celsius,smart_home,environment
2026-01-07 20:20:01,patient-001,thermostat_target_temperature,21.4,celsius,smart_home,environment
2026-01-07 20:33:10,patient-001,thermostat_hvac_mode,heat,none,smart_home,environment
2026-01-07 20:46:17,patient-001,thermostat_hvac_action,idle,none,smart_home,environment
2026-01-07 20:59:06,patient-001,room_humidity,42,percent,smart_home,environment
2026-01-07 21:12:08,patient-001,indoor_co2_ppm,814,ppm,smart_home,environment
2026-01-07 21:25:28,patient-001,indoor_pm25,14.9,ug/m3,smart_home,environment
2026-01-07 21:38:19,patient-001,indoor_voc_level,138,index,smart_home,environment
2026-01-07 21:51:51,patient-001,indoor_air_quality_index,2,index,smart_home,environment
2026-01-07 22:04:35,patient-001,noise_sensor_decibels,39.4,dB,smart_home,environment
2026-01-07 22:17:29,patient-001,smart_plug_power_watts,203.1,W,smart_home,power
2026-01-07 22:30:56,patient-001,smart_plug_voltage,119.4,V,smart_home,power
2026-01-07 22:43:46,patient-001,smart_plug_current_amps,1.46,A,smart_home,power
2026-01-07 22:56:04,patient-001,coffee_machine_power_state,off,none,smart_home,power
2026-01-07 23:09:19,patient-001,coffee_machine_power_watts,142.3,W,smart_home,power
2026-01-07 23:22:19,patient-001,tv_power_state,off,none,smart_home,power
2026-01-07 23:35:25,patient-001,tv_power_watts,179.7,W,smart_home,power
2026-01-07 23:48:46,patient-001,computer_power_state,off,none,smart_home,power
2026-01-08 00:05:51,patient-001,computer_power_state,off,none,smart_home,power
2026-01-08 00:18:27,patient-001,computer_power_watts,119.1,W,smart_home,power
2026-01-08 00:31:46,patient-001,microwave_power_state,off,none,smart_home,power
2026-01-08 00:44:48,patient-001,microwave_power_watts,121.3,W,smart_home,power
2026-01-08 00:57:18,patient-001,washing_machine_power_state,on,none,smart_home,power
2026-01-08 01:10:37,patient-001,washing_machine_power_watts,147.0,W,smart_home,power
2026-01-08 01:59:33,patient-001,phone_battery_level,61,percent,phone,device
2026-01-08 02:12:33,patient-001,phone_battery_state,discharging,none,phone,device
2026-01-08 02:25:10,patient-001,phone_power_source,battery,none,phone,device
2026-01-08 02:38:01,patient-001,phone_screen_state,off,none,phone,device
2026-01-08 02:51:34,patient-001,phone_lock_state,unlocked,none,phone,device
2026-01-08 03:04:33,patient-001,phone_interactive_state,idle,none,phone,device
2026-01-08 03:17:21,patient-001,phone_orientation,portrait,none,phone,device
2026-01-08 03:30:48,patient-001,phone_brightness_level,57,percent,phone,device
2026-01-08 03:43:28,patient-001,phone_volume_level,52,percent,phone,device
2026-01-08 03:56:44,patient-001,phone_ringer_mode,normal,none,phone,device
2026-01-08 04:09:14,patient-001,phone_do_not_disturb_state,off,none,phone,device
2026-01-08 04:22:20,patient-001,phone_airplane_mode,off,none,phone,device
2026-01-08 04:35:02,patient-001,phone_wifi_state,connected,none,phone,device
2026-01-08 04:48:40,patient-001,phone_wifi_ssid,HomeNet,none,phone,device
2026-01-08 05:01:47,patient-001,phone_cellular_signal_strength,-97,dBm,phone,device
2026-01-08 05:14:48,patient-001,phone_bluetooth_state,off,none,phone,device
2026-01-08 05:27:53,patient-001,phone_headphones_connected,disconnected,none,phone,device
2026-01-08 05:40:03,patient-001,phone_nfc_state,off,none,phone,device
2026-01-08 05:53:44,patient-001,phone_location_latitude,40.724499,degrees,phone,location
2026-01-08 06:06:18,patient-001,phone_location_longitude,-73.982509,degrees,phone,location
2026-01-08 06:19:38,patient-001,phone_location_accuracy,8.9,meters,phone,location
2026-01-08 06:32:46,patient-001,phone_location_altitude,13.4,meters,phone,location
2026-01-08 06:45:59,patient-001,phone_location_speed,0.3,m/s,phone,location
2026-01-08 06:58:29,patient-001,phone_location_bearing,73,degrees,phone,location
2026-01-08 07:11:25,patient-001,phone_accelerometer_x,0.885,m/s2,phone,motion
2026-01-08 07:24:16,patient-001,phone_accelerometer_y,4.277,m/s2,phone,motion
2026-01-08 07:37:49,patient-001,phone_accelerometer_z,-1.994,m/s2,phone,motion
2026-01-08 07:50:55,patient-001,phone_gyroscope_x,0.11,rad/s,phone,motion
2026-01-08 08:03:11,patient-001,phone_gyroscope_y,0.1342,rad/s,phone,motion
2026-01-08 08:16:21,patient-001,phone_gyroscope_z,-0.1472,rad/s,phone,motion
2026-01-08 08:29:57,patient-001,phone_magnetometer_x,13.72,microtesla,phone,motion
2026-01-08 08:42:14,patient-001,phone_magnetometer_y,21.24,microtesla,phone,motion
2026-01-08 08:55:18,patient-001,phone_magnetometer_z,20.8,microtesla,phone,motion
2026-01-08 09:08:04,patient-001,phone_barometer_pressure,1007.0,hPa,phone,motion
2026-01-08 09:21:22,patient-001,phone_ambient_light_lux,88.4,lux,phone,motion
2026-01-08 09:34:26,patient-001,phone_proximity_state,far,none,phone,motion
2026-01-08 09:47:53,patient-001,phone_step_detector_event,none,none,phone,motion
2026-01-08 10:00:00,patient-001,phone_step_counter_value,16067,steps,phone,motion
2026-01-08 10:13:36,patient-001,phone_activity_recognition_state,stationary,none,phone,motion
2026-01-08 10:26:40,patient-001,phone_app_foreground_package,com.netflix.mediaclient,none,phone,app_usage
2026-01-08 10:39:05,patient-001,phone_app_foreground_name,Messages,none,phone,app_usage
2026-01-08 10:52:15,patient-001,phone_notification_posted_app,Spotify,none,phone,app_usage
2026-01-08 11:05:30,patient-001,phone_notification_removed_app,Bank,none,phone,app_usage
2026-01-08 11:18:49,patient-001,phone_sms_received_event,none,none,phone,communication
2026-01-08 11:31:12,patient-001,phone_sms_sent_event,none,none,phone,communication
2026-01-08 11:44:18,patient-001,phone_call_state,idle,none,phone,communication
2026-01-08 11:57:09,patient-001,phone_call_direction,none,none,phone,communication
2026-01-08 12:10:22,patient-001,phone_keyboard_visible_state,hidden,none,phone,device
2026-01-08 12:23:09,patient-001,phone_clipboard_changed_event,none,none,phone,device
2026-01-08 12:36:48,patient-001,phone_camera_open_state,closed,none,phone,device
2026-01-08 12:49:41,patient-001,wearable_heart_rate,67,bpm,wearable,wearable
2026-01-08 13:02:10,patient-001,wearable_resting_heart_rate,49,bpm,wearable,wearable
2026-01-08 13:15:51,patient-001,wearable_hrv_value,37.5,ms,wearable,wearable
2026-01-08 13:28:24,patient-001,wearable_spo2,97.2,percent,wearable,wearable
2026-01-08 13:41:31,patient-001,wearable_skin_temperature,36.58,celsius,wearable,wearable
2026-01-08 13:54:49,patient-001,wearable_respiratory_rate,17.0,breaths/min,wearable,wearable
2026-01-08 14:07:23,patient-001,wearable_step_counter,16713,steps,phone,motion
2026-01-08 14:20:32,patient-001,wearable_calories_burned,52835,kcal,wearable,wearable
2026-01-08 14:33:52,patient-001,wearable_sleep_state,awake,none,wearable,wearable
2026-01-08 14:46:51,patient-001,wearable_sleep_stage,awake,none,wearable,wearable
2026-01-08 14:59:21,patient-001,wearable_body_position,sitting,none,wearable,wearable
2026-01-08 15:12:12,patient-001,wearable_device_battery_level,48,percent,wearable,wearable
2026-01-08 15:25:03,patient-001,smartwatch_screen_state,off,none,smartwatch,wearable
2026-01-08 15:38:50,patient-001,smartwatch_workout_state,inactive,none,smartwatch,wearable
2026-01-08 15:51:48,patient-001,smartwatch_workout_type,walk,none,smartwatch,wearable
2026-01-08 16:04:46,patient-001,front_door_contact_state,closed,none,smart_home,contact
2026-01-08 16:17:08,patient-001,bedroom_door_contact_state,closed,none,smart_home,contact
2026-01-08 16:30:34,patient-001,bathroom_door_contact_state,closed,none,smart_home,contact
2026-01-08 16:43:26,patient-001,refrigerator_door_contact_state,closed,none,smart_home,contact
2026-01-08 16:56:29,patient-001,pantry_door_contact_state,closed,none,smart_home,contact
2026-01-08 17:09:48,patient-001,medicine_cabinet_contact_state,closed,none,smart_home,contact
2026-01-08 17:22:24,patient-001,window_contact_state,closed,none,smart_home,contact
2026-01-08 17:35:37,patient-001,kitchen_motion_state,on,none,smart_home,occupancy
2026-01-08 17:48:34,patient-001,bedroom_motion_state,off,none,smart_home,occupancy
2026-01-08 18:01:29,patient-001,bathroom_motion_state,off,none,smart_home,occupancy
2026-01-08 18:14:29,patient-001,living_room_motion_state,off,none,smart_home,occupancy
2026-01-08 18:27:17,patient-001,hallway_motion_state,off,none,smart_home,occupancy
2026-01-08 18:40:17,patient-001,bed_pressure_sensor_state,clear,none,smart_home,occupancy
2026-01-08 18:53:05,patient-001,chair_pressure_sensor_state,clear,none,smart_home,occupancy
2026-01-08 19:06:26,patient-001,sofa_pressure_sensor_state,clear,none,smart_home,occupancy
2026-01-08 19:19:41,patient-001,smart_light_power_state,on,none,smart_home,lighting
2026-01-08 19:32:34,patient-001,smart_light_brightness,50,percent,smart_home,lighting
2026-01-08 19:45:50,patient-001,smart_light_color_temperature,4544,kelvin,smart_home,lighting
2026-01-08 19:58:32,patient-001,smart_light_rgb_color,"197,255,116",none,smart_home,lighting
2026-01-08 20:11:23,patient-001,room_illuminance_lux,29.7,lux,smart_home,environment
2026-01-08 20:24:45,patient-001,thermostat_current_temperature,22.0,celsius,smart_home,environment
2026-01-08 20:37:47,patient-001,thermostat_target_temperature,21.3,celsius,smart_home,environment
2026-01-08 20:50:31,patient-001,thermostat_hvac_mode,auto,none,smart_home,environment
2026-01-08 21:03:10,patient-001,thermostat_hvac_action,cooling,none,smart_home,environment
2026-01-08 21:16:31,patient-001,room_humidity,56,percent,smart_home,environment
2026-01-08 21:29:48,patient-001,indoor_co2_ppm,646,ppm,smart_home,environment
2026-01-08 21:42:30,patient-001,indoor_pm25,2.9,ug/m3,smart_home,environment
2026-01-08 21:55:00,patient-001,indoor_voc_level,164,index,smart_home,environment
2026-01-08 22:08:10,patient-001,indoor_air_quality_index,47,index,smart_home,environment
2026-01-08 22:21:22,patient-001,noise_sensor_decibels,51.0,dB,smart_home,environment
2026-01-08 22:34:05,patient-001,smart_plug_power_watts,39.2,W,smart_home,power
2026-01-08 22:47:57,patient-001,smart_plug_voltage,121.8,V,smart_home,power
2026-01-08 23:00:13,patient-001,smart_plug_current_amps,2.52,A,smart_home,power
2026-01-08 23:13:06,patient-001,coffee_machine_power_state,off,none,smart_home,power
2026-01-08 23:26:47,patient-001,coffee_machine_power_watts,68.0,W,smart_home,power
2026-01-08 23:39:04,patient-001,tv_power_state,on,none,smart_home,power
2026-01-08 23:52:29,patient-001,tv_power_watts,187.2,W,smart_home,power
2026-01-09 00:09:19,patient-001,tv_power_watts,140.1,W,smart_home,power
2026-01-09 00:22:19,patient-001,computer_power_state,off,none,smart_home,power
2026-01-09 00:35:26,patient-001,computer_power_watts,270.7,W,smart_home,power
2026-01-09 00:48:53,patient-001,microwave_power_state,off,none,smart_home,power
2026-01-09 01:01:22,patient-001,microwave_power_watts,11.4,W,smart_home,power
2026-01-09 01:14:45,patient-001,washing_machine_power_state,off,none,smart_home,power
2026-01-09 01:27:06,patient-001,washing_machine_power_watts,222.6,W,smart_home,power
2026-01-09 02:16:57,patient-001,phone_battery_level,90,percent,phone,device
2026-01-09 02:29:29,patient-001,phone_battery_state,charging,none,phone,device
2026-01-09 02:42:42,patient-001,phone_power_source,battery,none,phone,device
2026-01-09 02:55:57,patient-001,phone_screen_state,on,none,phone,device
2026-01-09 03:08:14,patient-001,phone_lock_state,locked,none,phone,device
2026-01-09 03:21:12,patient-001,phone_interactive_state,idle,none,phone,device
2026-01-09 03:34:53,patient-001,phone_orientation,face_up,none,phone,device
2026-01-09 03:47:09,patient-001,phone_brightness_level,56,percent,phone,device
2026-01-09 04:00:35,patient-001,phone_volume_level,81,percent,phone,device
2026-01-09 04:13:29,patient-001,phone_ringer_mode,vibrate,none,phone,device
2026-01-09 04:26:54,patient-001,phone_do_not_disturb_state,on,none,phone,device
2026-01-09 04:39:12,patient-001,phone_airplane_mode,off,none,phone,device
2026-01-09 04:52:15,patient-001,phone_wifi_state,connected,none,phone,device
2026-01-09 05:05:43,patient-001,phone_wifi_ssid,HomeNet,none,phone,device
2026-01-09 05:18:35,patient-001,phone_cellular_signal_strength,-85,dBm,phone,device
2026-01-09 05:31:56,patient-001,phone_bluetooth_state,on,none,phone,device
2026-01-09 05:44:05,patient-001,phone_headphones_connected,disconnected,none,phone,device
2026-01-09 05:57:20,patient-001,phone_nfc_state,off,none,phone,device
2026-01-09 06:10:53,patient-001,phone_location_latitude,40.719679,degrees,phone,location
2026-01-09 06:23:42,patient-001,phone_location_longitude,-73.98914,degrees,phone,location
2026-01-09 06:36:58,patient-001,phone_location_accuracy,18.2,meters,phone,location
2026-01-09 06:49:56,patient-001,phone_location_altitude,0.8,meters,phone,location
2026-01-09 07:02:45,patient-001,phone_location_speed,0.64,m/s,phone,location
2026-01-09 07:15:16,patient-001,phone_location_bearing,138,degrees,phone,location
2026-01-09 07:28:13,patient-001,phone_accelerometer_x,-0.024,m/s2,phone,motion
2026-01-09 07:41:02,patient-001,phone_accelerometer_y,-1.704,m/s2,phone,motion
2026-01-09 07:54:59,patient-001,phone_accelerometer_z,-1.17,m/s2,phone,motion
2026-01-09 08:07:00,patient-001,phone_gyroscope_x,0.0352,rad/s,phone,motion
2026-01-09 08:20:53,patient-001,phone_gyroscope_y,-0.2803,rad/s,phone,motion
2026-01-09 08:33:46,patient-001,phone_gyroscope_z,-0.0127,rad/s,phone,motion
2026-01-09 08:46:08,patient-001,phone_magnetometer_x,15.36,microtesla,phone,motion
2026-01-09 08:59:11,patient-001,phone_magnetometer_y,17.7,microtesla,phone,motion
2026-01-09 09:12:42,patient-001,phone_magnetometer_z,26.69,microtesla,phone,motion
2026-01-09 09:25:16,patient-001,phone_barometer_pressure,1029.1,hPa,phone,motion
2026-01-09 09:38:19,patient-001,phone_ambient_light_lux,407.7,lux,phone,motion
2026-01-09 09:51:58,patient-001,phone_proximity_state,far,none,phone,motion
2026-01-09 10:04:29,patient-001,phone_step_detector_event,step,none,phone,motion
2026-01-09 10:17:12,patient-001,phone_step_counter_value,16618,steps,phone,motion
2026-01-09 10:30:24,patient-001,phone_activity_recognition_state,stationary,none,phone,motion
2026-01-09 10:43:31,patient-001,phone_app_foreground_package,com.apple.MobileSMS,none,phone,app_usage
2026-01-09 10:56:13,patient-001,phone_app_foreground_name,Fitbit,none,phone,app_usage
2026-01-09 11:09:26,patient-001,phone_notification_posted_app,Calendar,none,phone,app_usage
2026-01-09 11:22:02,patient-001,phone_notification_removed_app,Calendar,none,phone,app_usage
2026-01-09 11:35:28,patient-001,phone_sms_received_event,none,none,phone,communication
2026-01-09 11:48:08,patient-001,phone_sms_sent_event,none,none,phone,communication
2026-01-09 12:01:56,patient-001,phone_call_state,idle,none,phone,communication
2026-01-09 12:14:14,patient-001,phone_call_direction,none,none,phone,communication
2026-01-09 12:27:20,patient-001,phone_keyboard_visible_state,visible,none,phone,device
2026-01-09 12:40:22,patient-001,phone_clipboard_changed_event,none,none,phone,device
2026-01-09 12:53:32,patient-001,phone_camera_open_state,closed,none,phone,device
2026-01-09 13:06:50,patient-001,wearable_heart_rate,76,bpm,wearable,wearable
2026-01-09 13:19:51,patient-001,wearable_resting_heart_rate,59,bpm,wearable,wearable
2026-01-09 13:32:05,patient-001,wearable_hrv_value,38.0,ms,wearable,wearable
2026-01-09 13:45:35,patient-001,wearable_spo2,96.1,percent,wearable,wearable
2026-01-09 13:58:34,patient-001,wearable_skin_temperature,35.95,celsius,wearable,wearable
2026-01-09 14:11:33,patient-001,wearable_respiratory_rate,15.1,breaths/min,wearable,wearable
2026-01-09 14:24:21,patient-001,wearable_step_counter,17570,steps,phone,motion
2026-01-09 14:37:07,patient-001,wearable_calories_burned,52949,kcal,wearable,wearable
2026-01-09 14:50:27,patient-001,wearable_sleep_state,awake,none,wearable,wearable
2026-01-09 15:03:55,patient-001,wearable_sleep_stage,light,none,wearable,wearable
2026-01-09 15:16:09,patient-001,wearable_body_position,supine,none,wearable,wearable
2026-01-09 15:29:14,patient-001,wearable_device_battery_level,37,percent,wearable,wearable
2026-01-09 15:42:20,patient-001,smartwatch_screen_state,on,none,smartwatch,wearable
2026-01-09 15:55:59,patient-001,smartwatch_workout_state,inactive,none,smartwatch,wearable
2026-01-09 16:08:11,patient-001,smartwatch_workout_type,walk,none,smartwatch,wearable
2026-01-09 16:21:29,patient-001,front_door_contact_state,closed,none,smart_home,contact
2026-01-09 16:34:26,patient-001,bedroom_door_contact_state,closed,none,smart_home,contact
2026-01-09 16:47:26,patient-001,bathroom_door_contact_state,closed,none,smart_home,contact
2026-01-09 17:00:27,patient-001,refrigerator_door_contact_state,closed,none,smart_home,contact
2026-01-09 17:13:18,patient-001,pantry_door_contact_state,closed,none,smart_home,contact
2026-01-09 17:26:09,patient-001,medicine_cabinet_contact_state,closed,none,smart_home,contact
2026-01-09 17:39:36,patient-001,window_contact_state,open,none,smart_home,contact
2026-01-09 17:52:41,patient-001,kitchen_motion_state,on,none,smart_home,occupancy
2026-01-09 18:05:15,patient-001,bedroom_motion_state,on,none,smart_home,occupancy
2026-01-09 18:18:44,patient-001,bathroom_motion_state,off,none,smart_home,occupancy
2026-01-09 18:31:37,patient-001,living_room_motion_state,on,none,smart_home,occupancy
2026-01-09 18:44:23,patient-001,hallway_motion_state,off,none,smart_home,occupancy
2026-01-09 18:57:48,patient-001,bed_pressure_sensor_state,occupied,none,smart_home,occupancy
2026-01-09 19:10:17,patient-001,chair_pressure_sensor_state,occupied,none,smart_home,occupancy
2026-01-09 19:23:53,patient-001,sofa_pressure_sensor_state,clear,none,smart_home,occupancy
2026-01-09 19:36:09,patient-001,smart_light_power_state,on,none,smart_home,lighting
2026-01-09 19:49:58,patient-001,smart_light_brightness,75,percent,smart_home,lighting
2026-01-09 20:02:01,patient-001,smart_light_color_temperature,4379,kelvin,smart_home,lighting
2026-01-09 20:15:18,patient-001,smart_light_rgb_color,"202,216,194",none,smart_home,lighting
2026-01-09 20:28:19,patient-001,room_illuminance_lux,198.7,lux,smart_home,environment
2026-01-09 20:41:36,patient-001,thermostat_current_temperature,21.9,celsius,smart_home,environment
2026-01-09 20:54:28,patient-001,thermostat_target_temperature,20.8,celsius,smart_home,environment
2026-01-09 21:07:44,patient-001,thermostat_hvac_mode,auto,none,smart_home,environment
2026-01-09 21:20:18,patient-001,thermostat_hvac_action,fan,none,smart_home,environment
2026-01-09 21:33:29,patient-001,room_humidity,43,percent,smart_home,environment
2026-01-09 21:46:58,patient-001,indoor_co2_ppm,656,ppm,smart_home,environment
2026-01-09 21:59:13,patient-001,indoor_pm25,3.5,ug/m3,smart_home,environment
2026-01-09 22:12:14,patient-001,indoor_voc_level,118,index,smart_home,environment
2026-01-09 22:25:54,patient-001,indoor_air_quality_index,50,index,smart_home,environment
2026-01-09 22:38:07,patient-001,noise_sensor_decibels,45.3,dB,smart_home,environment
2026-01-09 22:51:14,patient-001,smart_plug_power_watts,92.3,W,smart_home,power
2026-01-09 23:04:30,patient-001,smart_plug_voltage,118.2,V,smart_home,power
2026-01-09 23:17:47,patient-001,smart_plug_current_amps,0.63,A,smart_home,power
2026-01-09 23:30:05,patient-001,coffee_machine_power_state,off,none,smart_home,power
2026-01-09 23:43:28,patient-001,coffee_machine_power_watts,240.7,W,smart_home,power
2026-01-09 23:56:04,patient-001,tv_power_state,on,none,smart_home,power
2026-01-10 00:00:24,patient-001,coffee_machine_power_watts,177.9,W,smart_home,power
2026-01-10 00:13:48,patient-001,tv_power_state,on,none,smart_home,power
2026-01-10 00:26:12,patient-001,tv_power_watts,149.6,W,smart_home,power
2026-01-10 00:39:29,patient-001,computer_power_state,off,none,smart_home,power
2026-01-10 00:52:28,patient-001,computer_power_watts,249.6,W,smart_home,power
2026-01-10 01:05:29,patient-001,microwave_power_state,on,none,smart_home,power
2026-01-10 01:18:45,patient-001,microwave_power_watts,225.8,W,smart_home,power
2026-01-10 01:31:33,patient-001,washing_machine_power_state,off,none,smart_home,power
2026-01-10 01:44:09,patient-001,washing_machine_power_watts,90.7,W,smart_home,power
2026-01-10 02:33:57,patient-001,phone_battery_level,58,percent,phone,device
2026-01-10 02:46:42,patient-001,phone_battery_state,full,none,phone,device
2026-01-10 02:59:19,patient-001,phone_power_source,battery,none,phone,device
2026-01-10 03:12:39,patient-001,phone_screen_state,off,none,phone,device
2026-01-10 03:25:18,patient-001,phone_lock_state,unlocked,none,phone,device
2026-01-10 03:38:17,patient-001,phone_interactive_state,idle,none,phone,device
2026-01-10 03:51:37,patient-001,phone_orientation,face_down,none,phone,device
2026-01-10 04:04:02,patient-001,phone_brightness_level,19,percent,phone,device
2026-01-10 04:17:18,patient-001,phone_volume_level,47,percent,phone,device
2026-01-10 04:30:29,patient-001,phone_ringer_mode,normal,none,phone,device
2026-01-10 04:43:15,patient-001,phone_do_not_disturb_state,off,none,phone,device
2026-01-10 04:56:08,patient-001,phone_airplane_mode,off,none,phone,device
2026-01-10 05:09:37,patient-001,phone_wifi_state,connected,none,phone,device
2026-01-10 05:22:33,patient-001,phone_wifi_ssid,none,none,phone,device
2026-01-10 05:35:28,patient-001,phone_cellular_signal_strength,-78,dBm,phone,device
2026-01-10 05:48:02,patient-001,phone_bluetooth_state,on,none,phone,device
2026-01-10 06:01:36,patient-001,phone_headphones_connected,connected,none,phone,device
2026-01-10 06:14:54,patient-001,phone_nfc_state,off,none,phone,device
2026-01-10 06:27:13,patient-001,phone_location_latitude,40.752868,degrees,phone,location
2026-01-10 06:40:51,patient-001,phone_location_longitude,-73.925603,degrees,phone,location
2026-01-10 06:53:39,patient-001,phone_location_accuracy,20.1,meters,phone,location
2026-01-10 07:06:42,patient-001,phone_location_altitude,9.0,meters,phone,location
2026-01-10 07:19:42,patient-001,phone_location_speed,2.13,m/s,phone,location
2026-01-10 07:32:06,patient-001,phone_location_bearing,68,degrees,phone,location
2026-01-10 07:45:42,patient-001,phone_accelerometer_x,0.133,m/s2,phone,motion
2026-01-10 07:58:42,patient-001,phone_accelerometer_y,-0.741,m/s2,phone,motion
2026-01-10 08:11:35,patient-001,phone_accelerometer_z,0.604,m/s2,phone,motion
2026-01-10 08:24:02,patient-001,phone_gyroscope_x,-0.0526,rad/s,phone,motion
2026-01-10 08:37:11,patient-001,phone_gyroscope_y,0.0181,rad/s,phone,motion
2026-01-10 08:50:41,patient-001,phone_gyroscope_z,-0.0326,rad/s,phone,motion
2026-01-10 09:03:49,patient-001,phone_magnetometer_x,4.09,microtesla,phone,motion
2026-01-10 09:16:13,patient-001,phone_magnetometer_y,24.23,microtesla,phone,motion
2026-01-10 09:29:19,patient-001,phone_magnetometer_z,24.31,microtesla,phone,motion
2026-01-10 09:42:03,patient-001,phone_barometer_pressure,1004.5,hPa,phone,motion
2026-01-10 09:55:49,patient-001,phone_ambient_light_lux,22.6,lux,phone,motion
2026-01-10 10:08:28,patient-001,phone_proximity_state,near,none,phone,motion
2026-01-10 10:21:27,patient-001,phone_step_detector_event,none,none,phone,motion
2026-01-10 10:34:49,patient-001,phone_step_counter_value,17467,steps,phone,motion
2026-01-10 10:47:34,patient-001,phone_activity_recognition_state,walking,none,phone,motion
2026-01-10 11:00:35,patient-001,phone_app_foreground_package,com.fitbit.FitbitMobile,none,phone,app_usage
2026-01-10 11:13:39,patient-001,phone_app_foreground_name,Messages,none,phone,app_usage
2026-01-10 11:26:13,patient-001,phone_notification_posted_app,Bank,none,phone,app_usage
2026-01-10 11:39:22,patient-001,phone_notification_removed_app,Bank,none,phone,app_usage
2026-01-10 11:52:24,patient-001,phone_sms_received_event,none,none,phone,communication
2026-01-10 12:05:19,patient-001,phone_sms_sent_event,none,none,phone,communication
2026-01-10 12:18:19,patient-001,phone_call_state,idle,none,phone,communication
2026-01-10 12:31:19,patient-001,phone_call_direction,none,none,phone,communication
2026-01-10 12:44:26,patient-001,phone_keyboard_visible_state,hidden,none,phone,device
2026-01-10 12:57:57,patient-001,phone_clipboard_changed_event,none,none,phone,device
2026-01-10 13:10:01,patient-001,phone_camera_open_state,closed,none,phone,device
2026-01-10 13:23:20,patient-001,wearable_heart_rate,83,bpm,wearable,wearable
2026-01-10 13:36:22,patient-001,wearable_resting_heart_rate,60,bpm,wearable,wearable
2026-01-10 13:49:42,patient-001,wearable_hrv_value,63.8,ms,wearable,wearable
2026-01-10 14:02:12,patient-001,wearable_spo2,97.5,percent,wearable,wearable
2026-01-10 14:15:35,patient-001,wearable_skin_temperature,36.56,celsius,wearable,wearable
2026-01-10 14:28:36,patient-001,wearable_respiratory_rate,14.7,breaths/min,wearable,wearable
2026-01-10 14:41:31,patient-001,wearable_step_counter,18115,steps,phone,motion
2026-01-10 14:54:21,patient-001,wearable_calories_burned,53055,kcal,wearable,wearable
2026-01-10 15:07:16,patient-001,wearable_sleep_state,awake,none,wearable,wearable
2026-01-10 15:20:58,patient-001,wearable_sleep_stage,awake,none,wearable,wearable
2026-01-10 15:33:34,patient-001,wearable_body_position,lying_right,none,wearable,wearable
2026-01-10 15:46:20,patient-001,wearable_device_battery_level,71,percent,wearable,wearable
2026-01-10 15:59:37,patient-001,smartwatch_screen_state,off,none,smartwatch,wearable
2026-01-10 16:12:33,patient-001,smartwatch_workout_state,inactive,none,smartwatch,wearable
2026-01-10 16:25:44,patient-001,smartwatch_workout_type,bike,none,smartwatch,wearable
2026-01-10 16:38:16,patient-001,front_door_contact_state,open,none,smart_home,contact
2026-01-10 16:51:16,patient-001,bedroom_door_contact_state,closed,none,smart_home,contact
2026-01-10 17:04:18,patient-001,bathroom_door_contact_state,open,none,smart_home,contact
2026-01-10 17:17:54,patient-001,refrigerator_door_contact_state,open,none,smart_home,contact
2026-01-10 17:30:55,patient-001,pantry_door_contact_state,open,none,smart_home,contact
2026-01-10 17:43:08,patient-001,medicine_cabinet_contact_state,closed,none,smart_home,contact
2026-01-10 17:56:35,patient-001,window_contact_state,closed,none,smart_home,contact
2026-01-10 18:09:08,patient-001,kitchen_motion_state,off,none,smart_home,occupancy
2026-01-10 18:22:09,patient-001,bedroom_motion_state,off,none,smart_home,occupancy
2026-01-10 18:35:15,patient-001,bathroom_motion_state,on,none,smart_home,occupancy
2026-01-10 18:48:25,patient-001,living_room_motion_state,on,none,smart_home,occupancy
2026-01-10 19:01:42,patient-001,hallway_motion_state,off,none,smart_home,occupancy
2026-01-10 19:14:34,patient-001,bed_pressure_sensor_state,occupied,none,smart_home,occupancy
2026-01-10 19:27:52,patient-001,chair_pressure_sensor_state,clear,none,smart_home,occupancy
2026-01-10 19:40:18,patient-001,sofa_pressure_sensor_state,clear,none,smart_home,occupancy
2026-01-10 19:53:16,patient-001,smart_light_power_state,off,none,smart_home,lighting
2026-01-10 20:06:46,patient-001,smart_light_brightness,82,percent,smart_home,lighting
2026-01-10 20:19:41,patient-001,smart_light_color_temperature,3356,kelvin,smart_home,lighting
2026-01-10 20:32:54,patient-001,smart_light_rgb_color,"126,188,130",none,smart_home,lighting
2026-01-10 20:45:26,patient-001,room_illuminance_lux,214.8,lux,smart_home,environment
2026-01-10 20:58:48,patient-001,thermostat_current_temperature,21.7,celsius,smart_home,environment
2026-01-10 21:11:14,patient-001,thermostat_target_temperature,21.2,celsius,smart_home,environment
2026-01-10 21:24:37,patient-001,thermostat_hvac_mode,auto,none,smart_home,environment
2026-01-10 21:37:41,patient-001,thermostat_hvac_action,heating,none,smart_home,environment
2026-01-10 21:50:36,patient-001,room_humidity,41,percent,smart_home,environment
2026-01-10 22:03:44,patient-001,indoor_co2_ppm,669,ppm,smart_home,environment
2026-01-10 22:16:32,patient-001,indoor_pm25,15.6,ug/m3,smart_home,environment
2026-01-10 22:29:51,patient-001,indoor_voc_level,52,index,smart_home,environment
2026-01-10 22:42:55,patient-001,indoor_air_quality_index,47,index,smart_home,environment
2026-01-10 22:55:27,patient-001,noise_sensor_decibels,35.9,dB,smart_home,environment
2026-01-10 23:08:35,patient-001,smart_plug_power_watts,44.0,W,smart_home,power
2026-01-10 23:21:14,patient-001,smart_plug_voltage,122.2,V,smart_home,power
2026-01-10 23:34:27,patient-001,smart_plug_current_amps,2.95,A,smart_home,power
2026-01-10 23:47:34,patient-001,coffee_machine_power_state,off,none,smart_home,power
2026-01-11 00:04:20,patient-001,coffee_machine_power_state,off,none,smart_home,power
2026-01-11 00:17:56,patient-001,coffee_machine_power_watts,80.1,W,smart_home,power
2026-01-11 00:30:24,patient-001,tv_power_state,off,none,smart_home,power
2026-01-11 00:43:21,patient-001,tv_power_watts,321.2,W,smart_home,power
2026-01-11 00:56:58,patient-001,computer_power_state,off,none,smart_home,power
2026-01-11 01:09:06,patient-001,computer_power_watts,65.6,W,smart_home,power
2026-01-11 01:22:16,patient-001,microwave_power_state,off,none,smart_home,power
2026-01-11 01:35:36,patient-001,microwave_power_watts,157.5,W,smart_home,power
2026-01-11 01:48:05,patient-001,washing_machine_power_state,off,none,smart_home,power
2026-01-11 02:01:32,patient-001,washing_machine_power_watts,20.6,W,smart_home,power
2026-01-11 02:50:01,patient-001,phone_battery_level,82,percent,phone,device
2026-01-11 03:03:57,patient-001,phone_battery_state,discharging,none,phone,device
2026-01-11 03:16:48,patient-001,phone_power_source,battery,none,phone,device
2026-01-11 03:29:31,patient-001,phone_screen_state,off,none,phone,device
2026-01-11 03:42:51,patient-001,phone_lock_state,locked,none,phone,device
2026-01-11 03:55:41,patient-001,phone_interactive_state,interactive,none,phone,device
2026-01-11 04:08:46,patient-001,phone_orientation,face_down,none,phone,device
2026-01-11 04:21:03,patient-001,phone_brightness_level,41,percent,phone,device
2026-01-11 04:34:40,patient-001,phone_volume_level,25,percent,phone,device
2026-01-11 04:47:35,patient-001,phone_ringer_mode,vibrate,none,phone,device
2026-01-11 05:00:42,patient-001,phone_do_not_disturb_state,off,none,phone,device
2026-01-11 05:13:53,patient-001,phone_airplane_mode,off,none,phone,device
2026-01-11 05:26:52,patient-001,phone_wifi_state,connected,none,phone,device
2026-01-11 05:39:48,patient-001,phone_wifi_ssid,none,none,phone,device
2026-01-11 05:52:46,patient-001,phone_cellular_signal_strength,-82,dBm,phone,device
2026-01-11 06:05:13,patient-001,phone_bluetooth_state,on,none,phone,device
2026-01-11 06:18:47,patient-001,phone_headphones_connected,disconnected,none,phone,device
2026-01-11 06:31:09,patient-001,phone_nfc_state,on,none,phone,device
2026-01-11 06:44:50,patient-001,phone_location_latitude,40.747292,degrees,phone,location
2026-01-11 06:57:44,patient-001,phone_location_longitude,-74.020221,degrees,phone,location
2026-01-11 07:10:30,patient-001,phone_location_accuracy,24.8,meters,phone,location
2026-01-11 07:23:16,patient-001,phone_location_altitude,25.0,meters,phone,location
2026-01-11 07:36:43,patient-001,phone_location_speed,1.13,m/s,phone,location
2026-01-11 07:49:56,patient-001,phone_location_bearing,303,degrees,phone,location
2026-01-11 08:02:43,patient-001,phone_accelerometer_x,1.218,m/s2,phone,motion
2026-01-11 08:15:56,patient-001,phone_accelerometer_y,-0.515,m/s2,phone,motion
2026-01-11 08:28:22,patient-001,phone_accelerometer_z,0.267,m/s2,phone,motion
2026-01-11 08:41:33,patient-001,phone_gyroscope_x,-0.0994,rad/s,phone,motion
2026-01-11 08:54:44,patient-001,phone_gyroscope_y,0.0986,rad/s,phone,motion
2026-01-11 09:07:37,patient-001,phone_gyroscope_z,0.2791,rad/s,phone,motion
2026-01-11 09:20:05,patient-001,phone_magnetometer_x,33.93,microtesla,phone,motion
2026-01-11 09:33:36,patient-001,phone_magnetometer_y,24.41,microtesla,phone,motion
2026-01-11 09:46:06,patient-001,phone_magnetometer_z,14.29,microtesla,phone,motion
2026-01-11 09:59:58,patient-001,phone_barometer_pressure,1029.5,hPa,phone,motion
2026-01-11 10:12:19,patient-001,phone_ambient_light_lux,298.2,lux,phone,motion
2026-01-11 10:25:44,patient-001,phone_proximity_state,far,none,phone,motion
2026-01-11 10:38:20,patient-001,phone_step_detector_event,none,none,phone,motion
2026-01-11 10:51:42,patient-001,phone_step_counter_value,17690,steps,phone,motion
2026-01-11 11:04:54,patient-001,phone_activity_recognition_state,driving,none,phone,motion
2026-01-11 11:17:27,patient-001,phone_app_foreground_package,com.google.android.gm,none,phone,app_usage
2026-01-11 11:30:26,patient-001,phone_app_foreground_name,Gmail,none,phone,app_usage
2026-01-11 11:43:21,patient-001,phone_notification_posted_app,Bank,none,phone,app_usage
2026-01-11 11:56:35,patient-001,phone_notification_removed_app,Messages,none,phone,app_usage
2026-01-11 12:09:16,patient-001,phone_sms_received_event,none,none,phone,communication
2026-01-11 12:22:26,patient-001,phone_sms_sent_event,sent,none,phone,communication
2026-01-11 12:35:35,patient-001,phone_call_state,idle,none,phone,communication
2026-01-11 12:48:08,patient-001,phone_call_direction,incoming,none,phone,communication
2026-01-11 13:01:30,patient-001,phone_keyboard_visible_state,hidden,none,phone,device
2026-01-11 13:14:29,patient-001,phone_clipboard_changed_event,none,none,phone,device
2026-01-11 13:27:35,patient-001,phone_camera_open_state,closed,none,phone,device
2026-01-11 13:40:19,patient-001,wearable_heart_rate,73,bpm,wearable,wearable
2026-01-11 13:53:17,patient-001,wearable_resting_heart_rate,60,bpm,wearable,wearable
2026-01-11 14:06:23,patient-001,wearable_hrv_value,45.7,ms,wearable,wearable
2026-01-11 14:19:36,patient-001,wearable_spo2,95.2,percent,wearable,wearable
2026-01-11 14:32:57,patient-001,wearable_skin_temperature,36.8,celsius,wearable,wearable
2026-01-11 14:45:14,patient-001,wearable_respiratory_rate,15.4,breaths/min,wearable,wearable
2026-01-11 14:58:06,patient-001,wearable_step_counter,18344,steps,phone,motion
2026-01-11 15:11:28,patient-001,wearable_calories_burned,53227,kcal,wearable,wearable
2026-01-11 15:24:01,patient-001,wearable_sleep_state,awake,none,wearable,wearable
2026-01-11 15:37:21,patient-001,wearable_sleep_stage,awake,none,wearable,wearable
2026-01-11 15:50:05,patient-001,wearable_body_position,lying_left,none,wearable,wearable
2026-01-11 16:03:39,patient-001,wearable_device_battery_level,58,percent,wearable,wearable
2026-01-11 16:16:56,patient-001,smartwatch_screen_state,off,none,smartwatch,wearable
2026-01-11 16:29:44,patient-001,smartwatch_workout_state,inactive,none,smartwatch,wearable
2026-01-11 16:42:08,patient-001,smartwatch_workout_type,none,none,smartwatch,wearable
2026-01-11 16:55:56,patient-001,front_door_contact_state,closed,none,smart_home,contact
2026-01-11 17:08:11,patient-001,bedroom_door_contact_state,open,none,smart_home,contact
2026-01-11 17:21:29,patient-001,bathroom_door_contact_state,closed,none,smart_home,contact
2026-01-11 17:34:11,patient-001,refrigerator_door_contact_state,closed,none,smart_home,contact
2026-01-11 17:47:27,patient-001,pantry_door_contact_state,closed,none,smart_home,contact
2026-01-11 18:00:52,patient-001,medicine_cabinet_contact_state,open,none,smart_home,contact
2026-01-11 18:13:32,patient-001,window_contact_state,closed,none,smart_home,contact
2026-01-11 18:26:52,patient-001,kitchen_motion_state,off,none,smart_home,occupancy
2026-01-11 18:39:20,patient-001,bedroom_motion_state,on,none,smart_home,occupancy
2026-01-11 18:52:14,patient-001,bathroom_motion_state,on,none,smart_home,occupancy
2026-01-11 19:05:22,patient-001,living_room_motion_state,off,none,smart_home,occupancy
2026-01-11 19:18:51,patient-001,hallway_motion_state,off,none,smart_home,occupancy
2026-01-11 19:31:51,patient-001,bed_pressure_sensor_state,clear,none,smart_home,occupancy
2026-01-11 19:44:17,patient-001,chair_pressure_sensor_state,clear,none,smart_home,occupancy
2026-01-11 19:57:30,patient-001,sofa_pressure_sensor_state,clear,none,smart_home,occupancy
2026-01-11 20:10:06,patient-001,smart_light_power_state,off,none,smart_home,lighting
2026-01-11 20:23:46,patient-001,smart_light_brightness,37,percent,smart_home,lighting
2026-01-11 20:36:51,patient-001,smart_light_color_temperature,4354,kelvin,smart_home,lighting
2026-01-11 20:49:40,patient-001,smart_light_rgb_color,"194,250,246",none,smart_home,lighting
2026-01-11 21:02:04,patient-001,room_illuminance_lux,106.8,lux,smart_home,environment
2026-01-11 21:15:20,patient-001,thermostat_current_temperature,22.0,celsius,smart_home,environment
2026-01-11 21:28:50,patient-001,thermostat_target_temperature,20.6,celsius,smart_home,environment
2026-01-11 21:41:53,patient-001,thermostat_hvac_mode,auto,none,smart_home,environment
2026-01-11 21:54:52,patient-001,thermostat_hvac_action,fan,none,smart_home,environment
2026-01-11 22:07:09,patient-001,room_humidity,38,percent,smart_home,environment
2026-01-11 22:20:17,patient-001,indoor_co2_ppm,889,ppm,smart_home,environment
2026-01-11 22:33:57,patient-001,indoor_pm25,4.1,ug/m3,smart_home,environment
2026-01-11 22:46:37,patient-001,indoor_voc_level,78,index,smart_home,environment
2026-01-11 22:59:43,patient-001,indoor_air_quality_index,0,index,smart_home,environment
2026-01-11 23:12:54,patient-001,noise_sensor_decibels,42.5,dB,smart_home,environment
2026-01-11 23:25:53,patient-001,smart_plug_power_watts,180.8,W,smart_home,power
2026-01-11 23:38:33,patient-001,smart_plug_voltage,121.0,V,smart_home,power
2026-01-11 23:51:52,patient-001,smart_plug_current_amps,1.09,A,smart_home,power
2026-01-12 00:08:16,patient-001,smart_plug_current_amps,2.65,A,smart_home,power
2026-01-12 00:21:04,patient-001,coffee_machine_power_state,on,none,smart_home,power
2026-01-12 00:34:08,patient-001,coffee_machine_power_watts,343.5,W,smart_home,power
2026-01-12 00:47:49,patient-001,tv_power_state,off,none,smart_home,power
2026-01-12 01:00:01,patient-001,tv_power_watts,67.7,W,smart_home,power
2026-01-12 01:13:52,patient-001,computer_power_state,off,none,smart_home,power
2026-01-12 01:26:00,patient-001,computer_power_watts,63.5,W,smart_home,power
2026-01-12 01:39:02,patient-001,microwave_power_state,off,none,smart_home,power
2026-01-12 01:52:50,patient-001,microwave_power_watts,76.1,W,smart_home,power
2026-01-12 02:05:55,patient-001,washing_machine_power_state,off,none,smart_home,power
2026-01-12 02:18:04,patient-001,washing_machine_power_watts,102.5,W,smart_home,power
2026-01-12 03:07:42,patient-001,phone_battery_level,62,percent,phone,device
2026-01-12 03:20:19,patient-001,phone_battery_state,discharging,none,phone,device
2026-01-12 03:33:31,patient-001,phone_power_source,battery,none,phone,device
2026-01-12 03:46:08,patient-001,phone_screen_state,on,none,phone,device
2026-01-12 03:59:45,patient-001,phone_lock_state,locked,none,phone,device
2026-01-12 04:12:54,patient-001,phone_interactive_state,idle,none,phone,device
2026-01-12 04:25:18,patient-001,phone_orientation,landscape,none,phone,device
2026-01-12 04:38:11,patient-001,phone_brightness_level,49,percent,phone,device
2026-01-12 04:51:58,patient-001,phone_volume_level,0,percent,phone,device
2026-01-12 05:04:06,patient-001,phone_ringer_mode,normal,none,phone,device
2026-01-12 05:17:07,patient-001,phone_do_not_disturb_state,off,none,phone,device
2026-01-12 05:30:26,patient-001,phone_airplane_mode,off,none,phone,device
2026-01-12 05:43:03,patient-001,phone_wifi_state,connected,none,phone,device
2026-01-12 05:56:01,patient-001,phone_wifi_ssid,CoffeeShopWiFi,none,phone,device
2026-01-12 06:09:29,patient-001,phone_cellular_signal_strength,-86,dBm,phone,device
2026-01-12 06:22:23,patient-001,phone_bluetooth_state,on,none,phone,device
2026-01-12 06:35:29,patient-001,phone_headphones_connected,disconnected,none,phone,device
2026-01-12 06:48:43,patient-001,phone_nfc_state,on,none,phone,device
2026-01-12 07:01:55,patient-001,phone_location_latitude,40.675184,degrees,phone,location
2026-01-12 07:14:40,patient-001,phone_location_longitude,-73.979651,degrees,phone,location
2026-01-12 07:27:53,patient-001,phone_location_accuracy,15.6,meters,phone,location
2026-01-12 07:40:38,patient-001,phone_location_altitude,13.3,meters,phone,location
2026-01-12 07:53:27,patient-001,phone_location_speed,0.94,m/s,phone,location
2026-01-12 08:06:09,patient-001,phone_location_bearing,319,degrees,phone,location
2026-01-12 08:19:05,patient-001,phone_accelerometer_x,1.734,m/s2,phone,motion
2026-01-12 08:32:45,patient-001,phone_accelerometer_y,-0.713,m/s2,phone,motion
2026-01-12 08:45:40,patient-001,phone_accelerometer_z,-4.423,m/s2,phone,motion
2026-01-12 08:58:09,patient-001,phone_gyroscope_x,-0.2427,rad/s,phone,motion
2026-01-12 09:11:43,patient-001,phone_gyroscope_y,0.1335,rad/s,phone,motion
2026-01-12 09:24:56,patient-001,phone_gyroscope_z,0.1864,rad/s,phone,motion
2026-01-12 09:37:03,patient-001,phone_magnetometer_x,16.07,microtesla,phone,motion
2026-01-12 09:50:38,patient-001,phone_magnetometer_y,20.22,microtesla,phone,motion
2026-01-12 10:03:26,patient-001,phone_magnetometer_z,5.11,microtesla,phone,motion
2026-01-12 10:16:34,patient-001,phone_barometer_pressure,994.2,hPa,phone,motion
2026-01-12 10:29:08,patient-001,phone_ambient_light_lux,44.9,lux,phone,motion
2026-01-12 10:42:45,patient-001,phone_proximity_state,far,none,phone,motion
2026-01-12 10:55:03,patient-001,phone_step_detector_event,none,none,phone,motion
2026-01-12 11:08:05,patient-001,phone_step_counter_value,17836,steps,phone,motion
2026-01-12 11:21:35,patient-001,phone_activity_recognition_state,running,none,phone,motion
2026-01-12 11:34:27,patient-001,phone_app_foreground_package,com.fitbit.FitbitMobile,none,phone,app_usage
2026-01-12 11:47:00,patient-001,phone_app_foreground_name,Bank,none,phone,app_usage
2026-01-12 12:00:16,patient-001,phone_notification_posted_app,Calendar,none,phone,app_usage
2026-01-12 12:13:16,patient-001,phone_notification_removed_app,Calendar,none,phone,app_usage
2026-01-12 12:26:57,patient-001,phone_sms_received_event,none,none,phone,communication
2026-01-12 12:39:52,patient-001,phone_sms_sent_event,sent,none,phone,communication
2026-01-12 12:52:35,patient-001,phone_call_state,idle,none,phone,communication
2026-01-12 13:05:28,patient-001,phone_call_direction,none,none,phone,communication
2026-01-12 13:18:57,patient-001,phone_keyboard_visible_state,hidden,none,phone,device
2026-01-12 13:31:48,patient-001,phone_clipboard_changed_event,none,none,phone,device
2026-01-12 13:44:47,patient-001,phone_camera_open_state,closed,none,phone,device
2026-01-12 13:57:46,patient-001,wearable_heart_rate,79,bpm,wearable,wearable
2026-01-12 14:10:12,patient-001,wearable_resting_heart_rate,52,bpm,wearable,wearable
2026-01-12 14:23:25,patient-001,wearable_hrv_value,12.0,ms,wearable,wearable
2026-01-12 14:36:28,patient-001,wearable_spo2,98.0,percent,wearable,wearable
2026-01-12 14:49:53,patient-001,wearable_skin_temperature,36.22,celsius,wearable,wearable
2026-01-12 15:02:01,patient-001,wearable_respiratory_rate,12.8,breaths/min,wearable,wearable
2026-01-12 15:15:17,patient-001,wearable_step_counter,19168,steps,phone,motion
2026-01-12 15:28:15,patient-001,wearable_calories_burned,53405,kcal,wearable,wearable
2026-01-12 15:41:32,patient-001,wearable_sleep_state,awake,none,wearable,wearable
2026-01-12 15:54:21,patient-001,wearable_sleep_stage,awake,none,wearable,wearable
2026-01-12 16:07:06,patient-001,wearable_body_position,lying_right,none,wearable,wearable
2026-01-12 16:20:38,patient-001,wearable_device_battery_level,43,percent,wearable,wearable
2026-01-12 16:33:33,patient-001,smartwatch_screen_state,on,none,smartwatch,wearable
2026-01-12 16:46:36,patient-001,smartwatch_workout_state,inactive,none,smartwatch,wearable
2026-01-12 16:59:01,patient-001,smartwatch_workout_type,none,none,smartwatch,wearable
2026-01-12 17:12:59,patient-001,front_door_contact_state,closed,none,smart_home,contact
2026-01-12 17:25:27,patient-001,bedroom_door_contact_state,closed,none,smart_home,contact
2026-01-12 17:38:51,patient-001,bathroom_door_contact_state,closed,none,smart_home,contact
2026-01-12 17:51:51,patient-001,refrigerator_door_contact_state,closed,none,smart_home,contact
2026-01-12 18:04:23,patient-001,pantry_door_contact_state,closed,none,smart_home,contact
2026-01-12 18:17:58,patient-001,medicine_cabinet_contact_state,closed,none,smart_home,contact
2026-01-12 18:30:58,patient-001,window_contact_state,closed,none,smart_home,contact
2026-01-12 18:43:39,patient-001,kitchen_motion_state,on,none,smart_home,occupancy
2026-01-12 18:56:29,patient-001,bedroom_motion_state,off,none,smart_home,occupancy
2026-01-12 19:09:37,patient-001,bathroom_motion_state,off,none,smart_home,occupancy
2026-01-12 19:22:17,patient-001,living_room_motion_state,off,none,smart_home,occupancy
2026-01-12 19:35:25,patient-001,hallway_motion_state,on,none,smart_home,occupancy
2026-01-12 19:48:16,patient-001,bed_pressure_sensor_state,occupied,none,smart_home,occupancy
2026-01-12 20:01:08,patient-001,chair_pressure_sensor_state,occupied,none,smart_home,occupancy
2026-01-12 20:14:05,patient-001,sofa_pressure_sensor_state,clear,none,smart_home,occupancy
2026-01-12 20:27:20,patient-001,smart_light_power_state,off,none,smart_home,lighting
2026-01-12 20:40:57,patient-001,smart_light_brightness,54,percent,smart_home,lighting
2026-01-12 20:53:08,patient-001,smart_light_color_temperature,2570,kelvin,smart_home,lighting
2026-01-12 21:06:38,patient-001,smart_light_rgb_color,"228,171,115",none,smart_home,lighting
2026-01-12 21:19:03,patient-001,room_illuminance_lux,23.6,lux,smart_home,environment
2026-01-12 21:32:47,patient-001,thermostat_current_temperature,22.2,celsius,smart_home,environment
2026-01-12 21:45:10,patient-001,thermostat_target_temperature,20.0,celsius,smart_home,environment
2026-01-12 21:58:12,patient-001,thermostat_hvac_mode,cool,none,smart_home,environment
2026-01-12 22:11:18,patient-001,thermostat_hvac_action,heating,none,smart_home,environment
2026-01-12 22:24:23,patient-001,room_humidity,38,percent,smart_home,environment
2026-01-12 22:37:46,patient-001,indoor_co2_ppm,759,ppm,smart_home,environment
2026-01-12 22:50:57,patient-001,indoor_pm25,3.0,ug/m3,smart_home,environment
2026-01-12 23:03:38,patient-001,indoor_voc_level,93,index,smart_home,environment
2026-01-12 23:16:28,patient-001,indoor_air_quality_index,52,index,smart_home,environment
2026-01-12 23:29:32,patient-001,noise_sensor_decibels,40.6,dB,smart_home,environment
2026-01-12 23:42:39,patient-001,smart_plug_power_watts,363.1,W,smart_home,power
2026-01-12 23:55:10,patient-001,smart_plug_voltage,120.4,V,smart_home,power
2026-01-13 00:12:16,patient-001,smart_plug_voltage,120.3,V,smart_home,power
2026-01-13 00:25:24,patient-001,smart_plug_current_amps,0.37,A,smart_home,power
2026-01-13 00:38:20,patient-001,coffee_machine_power_state,off,none,smart_home,power
2026-01-13 00:51:16,patient-001,coffee_machine_power_watts,147.1,W,smart_home,power
2026-01-13 01:04:12,patient-001,tv_power_state,on,none,smart_home,power
2026-01-13 01:17:08,patient-001,tv_power_watts,240.2,W,smart_home,power
2026-01-13 01:30:50,patient-001,computer_power_state,off,none,smart_home,power
2026-01-13 01:43:40,patient-001,computer_power_watts,133.8,W,smart_home,power
2026-01-13 01:56:35,patient-001,microwave_power_state,off,none,smart_home,power
2026-01-13 02:09:28,patient-001,microwave_power_watts,173.4,W,smart_home,power
2026-01-13 02:22:46,patient-001,washing_machine_power_state,on,none,smart_home,power
2026-01-13 02:35:20,patient-001,washing_machine_power_watts,9.1,W,smart_home,power
2026-01-13 03:24:32,patient-001,phone_battery_level,77,percent,phone,device
2026-01-13 03:37:01,patient-001,phone_battery_state,charging,none,phone,device
2026-01-13 03:50:01,patient-001,phone_power_source,usb,none,phone,device
2026-01-13 04:03:10,patient-001,phone_screen_state,off,none,phone,device
2026-01-13 04:16:03,patient-001,phone_lock_state,locked,none,phone,device
2026-01-13 04:29:46,patient-001,phone_interactive_state,interactive,none,phone,device
2026-01-13 04:42:08,patient-001,phone_orientation,face_up,none,phone,device
2026-01-13 04:55:40,patient-001,phone_brightness_level,42,percent,phone,device
2026-01-13 05:08:48,patient-001,phone_volume_level,10,percent,phone,device
2026-01-13 05:21:21,patient-001,phone_ringer_mode,normal,none,phone,device
2026-01-13 05:34:41,patient-001,phone_do_not_disturb_state,on,none,phone,device
2026-01-13 05:47:25,patient-001,phone_airplane_mode,off,none,phone,device
2026-01-13 06:00:50,patient-001,phone_wifi_state,disconnected,none,phone,device
2026-01-13 06:13:28,patient-001,phone_wifi_ssid,HomeNet,none,phone,device
2026-01-13 06:26:44,patient-001,phone_cellular_signal_strength,-74,dBm,phone,device
2026-01-13 06:39:48,patient-001,phone_bluetooth_state,on,none,phone,device
2026-01-13 06:52:24,patient-001,phone_headphones_connected,connected,none,phone,device
2026-01-13 07:05:33,patient-001,phone_nfc_state,on,none,phone,device
2026-01-13 07:18:47,patient-001,phone_location_latitude,40.751785,degrees,phone,location
2026-01-13 07:31:44,patient-001,phone_location_longitude,-74.033991,degrees,phone,location
2026-01-13 07:44:26,patient-001,phone_location_accuracy,24.5,meters,phone,location
2026-01-13 07:57:37,patient-001,phone_location_altitude,10.4,meters,phone,location
2026-01-13 08:10:08,patient-001,phone_location_speed,0.16,m/s,phone,location
2026-01-13 08:23:33,patient-001,phone_location_bearing,51,degrees,phone,location
2026-01-13 08:36:12,patient-001,phone_accelerometer_x,3.601,m/s2,phone,motion
2026-01-13 08:49:30,patient-001,phone_accelerometer_y,-6.087,m/s2,phone,motion
2026-01-13 09:02:37,patient-001,phone_accelerometer_z,0.883,m/s2,phone,motion
2026-01-13 09:15:43,patient-001,phone_gyroscope_x,-0.0969,rad/s,phone,motion
2026-01-13 09:28:13,patient-001,phone_gyroscope_y,-0.0308,rad/s,phone,motion
2026-01-13 09:41:06,patient-001,phone_gyroscope_z,-0.0025,rad/s,phone,motion
2026-01-13 09:54:26,patient-001,phone_magnetometer_x,29.59,microtesla,phone,motion
2026-01-13 10:07:37,patient-001,phone_magnetometer_y,35.63,microtesla,phone,motion
2026-01-13 10:20:19,patient-001,phone_magnetometer_z,37.16,microtesla,phone,motion
2026-01-13 10:33:27,patient-001,phone_barometer_pressure,1014.1,hPa,phone,motion
2026-01-13 10:46:05,patient-001,phone_ambient_light_lux,338.7,lux,phone,motion
2026-01-13 10:59:42,patient-001,phone_proximity_state,far,none,phone,motion
2026-01-13 11:12:22,patient-001,phone_step_detector_event,none,none,phone,motion
2026-01-13 11:25:52,patient-001,phone_step_counter_value,18006,steps,phone,motion
2026-01-13 11:38:17,patient-001,phone_activity_recognition_state,stationary,none,phone,motion
2026-01-13 11:51:20,patient-001,phone_app_foreground_package,com.spotify.music,none,phone,app_usage
2026-01-13 12:04:33,patient-001,phone_app_foreground_name,Fitbit,none,phone,app_usage
2026-01-13 12:17:39,patient-001,phone_notification_posted_app,Calendar,none,phone,app_usage
2026-01-13 12:30:56,patient-001,phone_notification_removed_app,Bank,none,phone,app_usage
2026-01-13 12:43:00,patient-001,phone_sms_received_event,received,none,phone,communication
2026-01-13 12:56:57,patient-001,phone_sms_sent_event,none,none,phone,communication
2026-01-13 13:09:02,patient-001,phone_call_state,idle,none,phone,communication
2026-01-13 13:22:57,patient-001,phone_call_direction,none,none,phone,communication
2026-01-13 13:35:13,patient-001,phone_keyboard_visible_state,hidden,none,phone,device
2026-01-13 13:48:17,patient-001,phone_clipboard_changed_event,none,none,phone,device
2026-01-13 14:01:01,patient-001,phone_camera_open_state,closed,none,phone,device
2026-01-13 14:14:59,patient-001,wearable_heart_rate,84,bpm,wearable,wearable
2026-01-13 14:27:55,patient-001,wearable_resting_heart_rate,49,bpm,wearable,wearable
2026-01-13 14:40:30,patient-001,wearable_hrv_value,47.1,ms,wearable,wearable
2026-01-13 14:53:04,patient-001,wearable_spo2,98.1,percent,wearable,wearable
2026-01-13 15:06:55,patient-001,wearable_skin_temperature,36.37,celsius,wearable,wearable
2026-01-13 15:19:20,patient-001,wearable_respiratory_rate,14.8,breaths/min,wearable,wearable
2026-01-13 15:32:23,patient-001,wearable_step_counter,19526,steps,phone,motion
2026-01-13 15:45:43,patient-001,wearable_calories_burned,53566,kcal,wearable,wearable
2026-01-13 15:58:03,patient-001,wearable_sleep_state,asleep,none,wearable,wearable
2026-01-13 16:11:40,patient-001,wearable_sleep_stage,light,none,wearable,wearable
2026-01-13 16:24:18,patient-001,wearable_body_position,standing,none,wearable,wearable
2026-01-13 16:37:55,patient-001,wearable_device_battery_level,65,percent,wearable,wearable
2026-01-13 16:50:05,patient-001,smartwatch_screen_state,on,none,smartwatch,wearable
2026-01-13 17:03:00,patient-001,smartwatch_workout_state,inactive,none,smartwatch,wearable
2026-01-13 17:16:46,patient-001,smartwatch_workout_type,none,none,smartwatch,wearable
2026-01-13 17:29:08,patient-001,front_door_contact_state,closed,none,smart_home,contact
2026-01-13 17:42:35,patient-001,bedroom_door_contact_state,closed,none,smart_home,contact
2026-01-13 17:55:37,patient-001,bathroom_door_contact_state,open,none,smart_home,contact
2026-01-13 18:08:16,patient-001,refrigerator_door_contact_state,closed,none,smart_home,contact
2026-01-13 18:21:13,patient-001,pantry_door_contact_state,closed,none,smart_home,contact
2026-01-13 18:34:53,patient-001,medicine_cabinet_contact_state,closed,none,smart_home,contact
2026-01-13 18:47:08,patient-001,window_contact_state,closed,none,smart_home,contact
2026-01-13 19:00:18,patient-001,kitchen_motion_state,off,none,smart_home,occupancy
2026-01-13 19:13:48,patient-001,bedroom_motion_state,off,none,smart_home,occupancy
2026-01-13 19:26:29,patient-001,bathroom_motion_state,off,none,smart_home,occupancy
2026-01-13 19:39:41,patient-001,living_room_motion_state,off,none,smart_home,occupancy
2026-01-13 19:52:45,patient-001,hallway_motion_state,on,none,smart_home,occupancy
2026-01-13 20:05:23,patient-001,bed_pressure_sensor_state,clear,none,smart_home,occupancy
2026-01-13 20:18:07,patient-001,chair_pressure_sensor_state,occupied,none,smart_home,occupancy
2026-01-13 20:31:40,patient-001,sofa_pressure_sensor_state,clear,none,smart_home,occupancy
2026-01-13 20:44:12,patient-001,smart_light_power_state,off,none,smart_home,lighting
2026-01-13 20:57:41,patient-001,smart_light_brightness,19,percent,smart_home,lighting
2026-01-13 21:10:32,patient-001,smart_light_color_temperature,3275,kelvin,smart_home,lighting
2026-01-13 21:23:55,patient-001,smart_light_rgb_color,"178,105,93",none,smart_home,lighting
2026-01-13 21:36:59,patient-001,room_illuminance_lux,68.7,lux,smart_home,environment
2026-01-13 21:49:00,patient-001,thermostat_current_temperature,21.0,celsius,smart_home,environment
2026-01-13 22:02:07,patient-001,thermostat_target_temperature,20.1,celsius,smart_home,environment
2026-01-13 22:15:37,patient-001,thermostat_hvac_mode,off,none,smart_home,environment
2026-01-13 22:28:53,patient-001,thermostat_hvac_action,heating,none,smart_home,environment
2026-01-13 22:41:43,patient-001,room_humidity,55,percent,smart_home,environment
2026-01-13 22:54:39,patient-001,indoor_co2_ppm,380,ppm,smart_home,environment
2026-01-13 23:07:14,patient-001,indoor_pm25,5.5,ug/m3,smart_home,environment
2026-01-13 23:20:58,patient-001,indoor_voc_level,56,index,smart_home,environment
2026-01-13 23:33:16,patient-001,indoor_air_quality_index,25,index,smart_home,environment
2026-01-13 23:46:46,patient-001,noise_sensor_decibels,48.8,dB,smart_home,environment
2026-01-13 23:59:55,patient-001,smart_plug_power_watts,73.9,W,smart_home,power
2026-01-14 00:03:40,patient-001,noise_sensor_decibels,37.7,dB,smart_home,environment
2026-01-14 00:16:13,patient-001,smart_plug_power_watts,130.5,W,smart_home,power
2026-01-14 00:29:41,patient-001,smart_plug_voltage,122.3,V,smart_home,power
2026-01-14 00:42:23,patient-001,smart_plug_current_amps,2.77,A,smart_home,power
2026-01-14 00:55:14,patient-001,coffee_machine_power_state,off,none,smart_home,power
2026-01-14 01:08:58,patient-001,coffee_machine_power_watts,149.5,W,smart_home,power
2026-01-14 01:21:22,patient-001,tv_power_state,off,none,smart_home,power
2026-01-14 01:34:52,patient-001,tv_power_watts,65.2,W,smart_home,power
2026-01-14 01:47:37,patient-001,computer_power_state,off,none,smart_home,power
2026-01-14 02:00:18,patient-001,computer_power_watts,264.9,W,smart_home,power
2026-01-14 02:13:28,patient-001,microwave_power_state,off,none,smart_home,power
2026-01-14 02:26:07,patient-001,microwave_power_watts,23.4,W,smart_home,power
2026-01-14 02:39:42,patient-001,washing_machine_power_state,off,none,smart_home,power
2026-01-14 02:52:00,patient-001,washing_machine_power_watts,561.7,W,smart_home,power
2026-01-14 03:41:48,patient-001,phone_battery_level,54,percent,phone,device
2026-01-14 03:54:02,patient-001,phone_battery_state,discharging,none,phone,device
2026-01-14 04:07:20,patient-001,phone_power_source,battery,none,phone,device
2026-01-14 04:20:02,patient-001,phone_screen_state,off,none,phone,device
2026-01-14 04:33:47,patient-001,phone_lock_state,unlocked,none,phone,device
2026-01-14 04:46:15,patient-001,phone_interactive_state,idle,none,phone,device
2026-01-14 04:59:42,patient-001,phone_orientation,portrait,none,phone,device
2026-01-14 05:12:12,patient-001,phone_brightness_level,48,percent,phone,device
2026-01-14 05:25:33,patient-001,phone_volume_level,47,percent,phone,device
2026-01-14 05:38:28,patient-001,phone_ringer_mode,vibrate,none,phone,device
2026-01-14 05:51:04,patient-001,phone_do_not_disturb_state,on,none,phone,device
2026-01-14 06:04:05,patient-001,phone_airplane_mode,off,none,phone,device
2026-01-14 06:17:24,patient-001,phone_wifi_state,connected,none,phone,device
2026-01-14 06:30:28,patient-001,phone_wifi_ssid,HomeNet,none,phone,device
2026-01-14 06:43:19,patient-001,phone_cellular_signal_strength,-63,dBm,phone,device
2026-01-14 06:56:32,patient-001,phone_bluetooth_state,off,none,phone,device
2026-01-14 07:09:53,patient-001,phone_headphones_connected,disconnected,none,phone,device
2026-01-14 07:22:31,patient-001,phone_nfc_state,on,none,phone,device
2026-01-14 07:35:46,patient-001,phone_location_latitude,40.632602,degrees,phone,location
2026-01-14 07:48:10,patient-001,phone_location_longitude,-74.025354,degrees,phone,location
2026-01-14 08:01:23,patient-001,phone_location_accuracy,3.0,meters,phone,location
2026-01-14 08:14:34,patient-001,phone_location_altitude,3.6,meters,phone,location
2026-01-14 08:27:33,patient-001,phone_location_speed,1.62,m/s,phone,location
2026-01-14 08:40:57,patient-001,phone_location_bearing,316,degrees,phone,location
2026-01-14 08:53:31,patient-001,phone_accelerometer_x,-0.584,m/s2,phone,motion
2026-01-14 09:06:24,patient-001,phone_accelerometer_y,0.445,m/s2,phone,motion
2026-01-14 09:19:25,patient-001,phone_accelerometer_z,-3.075,m/s2,phone,motion
2026-01-14 09:32:19,patient-001,phone_gyroscope_x,-0.1784,rad/s,phone,motion
2026-01-14 09:45:47,patient-001,phone_gyroscope_y,-0.0014,rad/s,phone,motion
2026-01-14 09:58:26,patient-001,phone_gyroscope_z,0.079,rad/s,phone,motion
2026-01-14 10:11:00,patient-001,phone_magnetometer_x,30.0,microtesla,phone,motion
2026-01-14 10:24:05,patient-001,phone_magnetometer_y,13.52,microtesla,phone,motion
2026-01-14 10:37:34,patient-001,phone_magnetometer_z,30.24,microtesla,phone,motion
2026-01-14 10:50:31,patient-001,phone_barometer_pressure,1007.2,hPa,phone,motion
2026-01-14 11:03:41,patient-001,phone_ambient_light_lux,108.7,lux,phone,motion
2026-01-14 11:16:04,patient-001,phone_proximity_state,far,none,phone,motion
2026-01-14 11:29:36,patient-001,phone_step_detector_event,none,none,phone,motion
2026-01-14 11:42:36,patient-001,phone_step_counter_value,18318,steps,phone,motion
2026-01-14 11:55:49,patient-001,phone_activity_recognition_state,walking,none,phone,motion
2026-01-14 12:08:07,patient-001,phone_app_foreground_package,com.spotify.music,none,phone,app_usage
2026-01-14 12:21:32,patient-001,phone_app_foreground_name,Bank,none,phone,app_usage
2026-01-14 12:34:59,patient-001,phone_notification_posted_app,Calendar,none,phone,app_usage
2026-01-14 12:47:33,patient-001,phone_notification_removed_app,Calendar,none,phone,app_usage
2026-01-14 13:00:59,patient-001,phone_sms_received_event,none,none,phone,communication
2026-01-14 13:13:39,patient-001,phone_sms_sent_event,none,none,phone,communication
2026-01-14 13:26:45,patient-001,phone_call_state,idle,none,phone,communication
2026-01-14 13:39:38,patient-001,phone_call_direction,outgoing,none,phone,communication
2026-01-14 13:52:20,patient-001,phone_keyboard_visible_state,hidden,none,phone,device
2026-01-14 14:05:42,patient-001,phone_clipboard_changed_event,none,none,phone,device
2026-01-14 14:18:08,patient-001,phone_camera_open_state,closed,none,phone,device
2026-01-14 14:31:06,patient-001,wearable_heart_rate,107,bpm,wearable,wearable
2026-01-14 14:44:22,patient-001,wearable_resting_heart_rate,54,bpm,wearable,wearable
2026-01-14 14:57:54,patient-001,wearable_hrv_value,53.7,ms,wearable,wearable
2026-01-14 15:10:24,patient-001,wearable_spo2,97.9,percent,wearable,wearable
2026-01-14 15:23:47,patient-001,wearable_skin_temperature,36.05,celsius,wearable,wearable
2026-01-14 15:36:16,patient-001,wearable_respiratory_rate,10.4,breaths/min,wearable,wearable
2026-01-14 15:49:04,patient-001,wearable_step_counter,19865,steps,phone,motion
2026-01-14 16:02:38,patient-001,wearable_calories_burned,53710,kcal,wearable,wearable
2026-01-14 16:15:38,patient-001,wearable_sleep_state,asleep,none,wearable,wearable
2026-01-14 16:28:08,patient-001,wearable_sleep_stage,awake,none,wearable,wearable
2026-01-14 16:41:51,patient-001,wearable_body_position,supine,none,wearable,wearable
2026-01-14 16:54:00,patient-001,wearable_device_battery_level,56,percent,wearable,wearable
2026-01-14 17:07:44,patient-001,smartwatch_screen_state,off,none,smartwatch,wearable
2026-01-14 17:20:35,patient-001,smartwatch_workout_state,inactive,none,smartwatch,wearable
2026-01-14 17:33:09,patient-001,smartwatch_workout_type,none,none,smartwatch,wearable
2026-01-14 17:46:45,patient-001,front_door_contact_state,closed,none,smart_home,contact
2026-01-14 17:59:00,patient-001,bedroom_door_contact_state,closed,none,smart_home,contact
2026-01-14 18:12:27,patient-001,bathroom_door_contact_state,open,none,smart_home,contact
2026-01-14 18:25:27,patient-001,refrigerator_door_contact_state,closed,none,smart_home,contact
2026-01-14 18:38:04,patient-001,pantry_door_contact_state,closed,none,smart_home,contact
2026-01-14 18:51:23,patient-001,medicine_cabinet_contact_state,closed,none,smart_home,contact
2026-01-14 19:04:53,patient-001,window_contact_state,open,none,smart_home,contact
2026-01-14 19:17:36,patient-001,kitchen_motion_state,off,none,smart_home,occupancy
2026-01-14 19:30:21,patient-001,bedroom_motion_state,off,none,smart_home,occupancy
2026-01-14 19:43:11,patient-001,bathroom_motion_state,off,none,smart_home,occupancy
2026-01-14 19:56:46,patient-001,living_room_motion_state,off,none,smart_home,occupancy
2026-01-14 20:09:28,patient-001,hallway_motion_state,off,none,smart_home,occupancy
2026-01-14 20:22:46,patient-001,bed_pressure_sensor_state,occupied,none,smart_home,occupancy
2026-01-14 20:35:46,patient-001,chair_pressure_sensor_state,clear,none,smart_home,occupancy
2026-01-14 20:48:34,patient-001,sofa_pressure_sensor_state,clear,none,smart_home,occupancy
2026-01-14 21:01:30,patient-001,smart_light_power_state,on,none,smart_home,lighting
2026-01-14 21:14:07,patient-001,smart_light_brightness,66,percent,smart_home,lighting
2026-01-14 21:27:47,patient-001,smart_light_color_temperature,2875,kelvin,smart_home,lighting
2026-01-14 21:40:01,patient-001,smart_light_rgb_color,"252,95,184",none,smart_home,lighting
2026-01-14 21:53:59,patient-001,room_illuminance_lux,309.0,lux,smart_home,environment
2026-01-14 22:06:05,patient-001,thermostat_current_temperature,20.0,celsius,smart_home,environment
2026-01-14 22:19:07,patient-001,thermostat_target_temperature,20.4,celsius,smart_home,environment
2026-01-14 22:32:50,patient-001,thermostat_hvac_mode,off,none,smart_home,environment
2026-01-14 22:45:41,patient-001,thermostat_hvac_action,heating,none,smart_home,environment
2026-01-14 22:58:44,patient-001,room_humidity,65,percent,smart_home,environment
2026-01-14 23:11:08,patient-001,indoor_co2_ppm,855,ppm,smart_home,environment
2026-01-14 23:24:38,patient-001,indoor_pm25,2.0,ug/m3,smart_home,environment
2026-01-14 23:37:39,patient-001,indoor_voc_level,138,index,smart_home,environment
2026-01-14 23:50:19,patient-001,indoor_air_quality_index,46,index,smart_home,environment
2026-01-15 00:07:28,patient-001,indoor_air_quality_index,21,index,smart_home,environment
2026-01-15 00:20:49,patient-001,noise_sensor_decibels,38.4,dB,smart_home,environment
2026-01-15 00:33:03,patient-001,smart_plug_power_watts,116.1,W,smart_home,power
2026-01-15 00:46:18,patient-001,smart_plug_voltage,117.5,V,smart_home,power
2026-01-15 00:59:24,patient-001,smart_plug_current_amps,2.46,A,smart_home,power
2026-01-15 01:12:21,patient-001,coffee_machine_power_state,off,none,smart_home,power
2026-01-15 01:25:34,patient-001,coffee_machine_power_watts,81.0,W,smart_home,power
2026-01-15 01:38:06,patient-001,tv_power_state,off,none,smart_home,power
2026-01-15 01:51:26,patient-001,tv_power_watts,80.4,W,smart_home,power
2026-01-15 02:04:57,patient-001,computer_power_state,on,none,smart_home,power
2026-01-15 02:17:06,patient-001,computer_power_watts,80.7,W,smart_home,power
2026-01-15 02:30:59,patient-001,microwave_power_state,on,none,smart_home,power
2026-01-15 02:43:26,patient-001,microwave_power_watts,342.8,W,smart_home,power
2026-01-15 02:56:59,patient-001,washing_machine_power_state,off,none,smart_home,power
2026-01-15 03:09:14,patient-001,washing_machine_power_watts,22.4,W,smart_home,power
2026-01-15 03:58:34,patient-001,phone_battery_level,80,percent,phone,device
2026-01-15 04:11:10,patient-001,phone_battery_state,discharging,none,phone,device
2026-01-15 04:24:15,patient-001,phone_power_source,battery,none,phone,device
2026-01-15 04:37:33,patient-001,phone_screen_state,on,none,phone,device
2026-01-15 04:50:11,patient-001,phone_lock_state,unlocked,none,phone,device
2026-01-15 05:03:36,patient-001,phone_interactive_state,idle,none,phone,device
2026-01-15 05:16:18,patient-001,phone_orientation,portrait,none,phone,device
2026-01-15 05:29:22,patient-001,phone_brightness_level,30,percent,phone,device
2026-01-15 05:42:16,patient-001,phone_volume_level,100,percent,phone,device
2026-01-15 05:55:15,patient-001,phone_ringer_mode,normal,none,phone,device
2026-01-15 06:08:46,patient-001,phone_do_not_disturb_state,off,none,phone,device
2026-01-15 06:21:16,patient-001,phone_airplane_mode,off,none,phone,device
2026-01-15 06:34:41,patient-001,phone_wifi_state,connected,none,phone,device
2026-01-15 06:47:06,patient-001,phone_wifi_ssid,HomeNet,none,phone,device
2026-01-15 07:00:06,patient-001,phone_cellular_signal_strength,-88,dBm,phone,device
2026-01-15 07:13:12,patient-001,phone_bluetooth_state,on,none,phone,device
2026-01-15 07:26:41,patient-001,phone_headphones_connected,disconnected,none,phone,device
2026-01-15 07:39:13,patient-001,phone_nfc_state,off,none,phone,device
2026-01-15 07:52:31,patient-001,phone_location_latitude,40.704523,degrees,phone,location
2026-01-15 08:05:09,patient-001,phone_location_longitude,-73.944939,degrees,phone,location
2026-01-15 08:18:00,patient-001,phone_location_accuracy,7.1,meters,phone,location
2026-01-15 08:31:49,patient-001,phone_location_altitude,0.2,meters,phone,location
2026-01-15 08:44:18,patient-001,phone_location_speed,0.74,m/s,phone,location
2026-01-15 08:57:00,patient-001,phone_location_bearing,295,degrees,phone,location
2026-01-15 09:10:16,patient-001,phone_accelerometer_x,0.64,m/s2,phone,motion
2026-01-15 09:23:34,patient-001,phone_accelerometer_y,-1.4,m/s2,phone,motion
2026-01-15 09:36:39,patient-001,phone_accelerometer_z,-1.202,m/s2,phone,motion
2026-01-15 09:49:52,patient-001,phone_gyroscope_x,-0.0393,rad/s,phone,motion
2026-01-15 10:02:28,patient-001,phone_gyroscope_y,0.0571,rad/s,phone,motion
2026-01-15 10:15:30,patient-001,phone_gyroscope_z,0.0016,rad/s,phone,motion
2026-01-15 10:28:10,patient-001,phone_magnetometer_x,24.55,microtesla,phone,motion
2026-01-15 10:41:39,patient-001,phone_magnetometer_y,44.63,microtesla,phone,motion
2026-01-15 10:54:56,patient-001,phone_magnetometer_z,22.32,microtesla,phone,motion
2026-01-15 11:07:07,patient-001,phone_barometer_pressure,1017.4,hPa,phone,motion
2026-01-15 11:20:15,patient-001,phone_ambient_light_lux,42.3,lux,phone,motion
2026-01-15 11:33:08,patient-001,phone_proximity_state,far,none,phone,motion
2026-01-15 11:46:39,patient-001,phone_step_detector_event,none,none,phone,motion
2026-01-15 11:59:30,patient-001,phone_step_counter_value,18598,steps,phone,motion
2026-01-15 12:12:45,patient-001,phone_activity_recognition_state,walking,none,phone,motion
2026-01-15 12:25:54,patient-001,phone_app_foreground_package,com.spotify.music,none,phone,app_usage
2026-01-15 12:38:31,patient-001,phone_app_foreground_name,Spotify,none,phone,app_usage
2026-01-15 12:51:42,patient-001,phone_notification_posted_app,Messages,none,phone,app_usage
2026-01-15 13:04:18,patient-001,phone_notification_removed_app,Messages,none,phone,app_usage
2026-01-15 13:17:34,patient-001,phone_sms_received_event,none,none,phone,communication
2026-01-15 13:30:30,patient-001,phone_sms_sent_event,none,none,phone,communication
2026-01-15 13:43:15,patient-001,phone_call_state,idle,none,phone,communication
2026-01-15 13:56:04,patient-001,phone_call_direction,none,none,phone,communication
2026-01-15 14:09:19,patient-001,phone_keyboard_visible_state,hidden,none,phone,device
2026-01-15 14:22:44,patient-001,phone_clipboard_changed_event,none,none,phone,device
2026-01-15 14:35:35,patient-001,phone_camera_open_state,closed,none,phone,device
2026-01-15 14:48:56,patient-001,wearable_heart_rate,83,bpm,wearable,wearable
2026-01-15 15:01:50,patient-001,wearable_resting_heart_rate,60,bpm,wearable,wearable
2026-01-15 15:14:28,patient-001,wearable_hrv_value,45.0,ms,wearable,wearable
2026-01-15 15:27:54,patient-001,wearable_spo2,97.5,percent,wearable,wearable
2026-01-15 15:40:54,patient-001,wearable_skin_temperature,36.09,celsius,wearable,wearable
2026-01-15 15:53:34,patient-001,wearable_respiratory_rate,15.6,breaths/min,wearable,wearable
2026-01-15 16:06:52,patient-001,wearable_step_counter,20693,steps,phone,motion
2026-01-15 16:19:34,patient-001,wearable_calories_burned,53848,kcal,wearable,wearable
2026-01-15 16:32:26,patient-001,wearable_sleep_state,awake,none,wearable,wearable
2026-01-15 16:45:36,patient-001,wearable_sleep_stage,rem,none,wearable,wearable
2026-01-15 16:58:31,patient-001,wearable_body_position,lying_left,none,wearable,wearable
2026-01-15 17:11:30,patient-001,wearable_device_battery_level,35,percent,wearable,wearable
2026-01-15 17:24:59,patient-001,smartwatch_screen_state,on,none,smartwatch,wearable
2026-01-15 17:37:38,patient-001,smartwatch_workout_state,inactive,none,smartwatch,wearable
2026-01-15 17:50:22,patient-001,smartwatch_workout_type,none,none,smartwatch,wearable
2026-01-15 18:03:56,patient-001,front_door_contact_state,closed,none,smart_home,contact
2026-01-15 18:16:44,patient-001,bedroom_door_contact_state,closed,none,smart_home,contact
2026-01-15 18:29:03,patient-001,bathroom_door_contact_state,closed,none,smart_home,contact
2026-01-15 18:42:28,patient-001,refrigerator_door_contact_state,closed,none,smart_home,contact
2026-01-15 18:55:39,patient-001,pantry_door_contact_state,open,none,smart_home,contact
2026-01-15 19:08:05,patient-001,medicine_cabinet_contact_state,closed,none,smart_home,contact
2026-01-15 19:21:05,patient-001,window_contact_state,open,none,smart_home,contact
2026-01-15 19:34:57,patient-001,kitchen_motion_state,on,none,smart_home,occupancy
2026-01-15 19:47:22,patient-001,bedroom_motion_state,off,none,smart_home,occupancy
2026-01-15 20:00:26,patient-001,bathroom_motion_state,off,none,smart_home,occupancy
2026-01-15 20:13:30,patient-001,living_room_motion_state,off,none,smart_home,occupancy
2026-01-15 20:26:06,patient-001,hallway_motion_state,off,none,smart_home,occupancy
2026-01-15 20:39:29,patient-001,bed_pressure_sensor_state,occupied,none,smart_home,occupancy
2026-01-15 20:52:00,patient-001,chair_pressure_sensor_state,clear,none,smart_home,occupancy
2026-01-15 21:05:39,patient-001,sofa_pressure_sensor_state,occupied,none,smart_home,occupancy
2026-01-15 21:18:38,patient-001,smart_light_power_state,off,none,smart_home,lighting
2026-01-15 21:31:36,patient-001,smart_light_brightness,82,percent,smart_home,lighting
2026-01-15 21:44:22,patient-001,smart_light_color_temperature,3067,kelvin,smart_home,lighting
2026-01-15 21:57:59,patient-001,smart_light_rgb_color,"228,158,248",none,smart_home,lighting
2026-01-15 22:10:37,patient-001,room_illuminance_lux,45.0,lux,smart_home,environment
2026-01-15 22:23:20,patient-001,thermostat_current_temperature,22.7,celsius,smart_home,environment
2026-01-15 22:36:58,patient-001,thermostat_target_temperature,21.0,celsius,smart_home,environment
2026-01-15 22:49:23,patient-001,thermostat_hvac_mode,off,none,smart_home,environment
2026-01-15 23:02:24,patient-001,thermostat_hvac_action,fan,none,smart_home,environment
2026-01-15 23:15:03,patient-001,room_humidity,51,percent,smart_home,environment
2026-01-15 23:28:39,patient-001,indoor_co2_ppm,825,ppm,smart_home,environment
2026-01-15 23:41:00,patient-001,indoor_pm25,3.6,ug/m3,smart_home,environment
2026-01-15 23:54:04,patient-001,indoor_voc_level,40,index,smart_home,environment
2026-01-16 00:11:16,patient-001,indoor_voc_level,65,index,smart_home,environment
2026-01-16 00:24:17,patient-001,indoor_air_quality_index,74,index,smart_home,environment
2026-01-16 00:37:25,patient-001,noise_sensor_decibels,46.2,dB,smart_home,environment
2026-01-16 00:50:43,patient-001,smart_plug_power_watts,225.0,W,smart_home,power
2026-01-16 01:03:03,patient-001,smart_plug_voltage,123.1,V,smart_home,power
2026-01-16 01:16:40,patient-001,smart_plug_current_amps,1.06,A,smart_home,power
2026-01-16 01:29:36,patient-001,coffee_machine_power_state,on,none,smart_home,power
2026-01-16 01:42:11,patient-001,coffee_machine_power_watts,177.4,W,smart_home,power
2026-01-16 01:55:04,patient-001,tv_power_state,off,none,smart_home,power
2026-01-16 02:08:57,patient-001,tv_power_watts,115.1,W,smart_home,power
2026-01-16 02:21:30,patient-001,computer_power_state,off,none,smart_home,power
2026-01-16 02:34:25,patient-001,computer_power_watts,68.0,W,smart_home,power
2026-01-16 02:47:44,patient-001,microwave_power_state,off,none,smart_home,power
2026-01-16 03:00:50,patient-001,microwave_power_watts,79.7,W,smart_home,power
2026-01-16 03:13:22,patient-001,washing_machine_power_state,on,none,smart_home,power
2026-01-16 03:26:21,patient-001,washing_machine_power_watts,179.7,W,smart_home,power
2026-01-16 04:15:37,patient-001,phone_battery_level,57,percent,phone,device
2026-01-16 04:28:21,patient-001,phone_battery_state,discharging,none,phone,device
2026-01-16 04:41:19,patient-001,phone_power_source,battery,none,phone,device
2026-01-16 04:54:13,patient-001,phone_screen_state,on,none,phone,device
2026-01-16 05:07:32,patient-001,phone_lock_state,locked,none,phone,device
2026-01-16 05:20:17,patient-001,phone_interactive_state,interactive,none,phone,device
2026-01-16 05:33:50,patient-001,phone_orientation,portrait,none,phone,device
2026-01-16 05:46:06,patient-001,phone_brightness_level,2,percent,phone,device
2026-01-16 05:59:08,patient-001,phone_volume_level,9,percent,phone,device
2026-01-16 06:12:43,patient-001,phone_ringer_mode,normal,none,phone,device
2026-01-16 06:25:23,patient-001,phone_do_not_disturb_state,off,none,phone,device
2026-01-16 06:38:39,patient-001,phone_airplane_mode,off,none,phone,device
2026-01-16 06:51:34,patient-001,phone_wifi_state,connected,none,phone,device
2026-01-16 07:04:05,patient-001,phone_wifi_ssid,ClinicGuest,none,phone,device
2026-01-16 07:17:45,patient-001,phone_cellular_signal_strength,-108,dBm,phone,device
2026-01-16 07:30:18,patient-001,phone_bluetooth_state,on,none,phone,device
2026-01-16 07:43:59,patient-001,phone_headphones_connected,disconnected,none,phone,device
2026-01-16 07:56:53,patient-001,phone_nfc_state,off,none,phone,device
2026-01-16 08:09:31,patient-001,phone_location_latitude,40.752985,degrees,phone,location
2026-01-16 08:22:20,patient-001,phone_location_longitude,-74.005064,degrees,phone,location
2026-01-16 08:35:30,patient-001,phone_location_accuracy,18.6,meters,phone,location
2026-01-16 08:48:17,patient-001,phone_location_altitude,-1.1,meters,phone,location
2026-01-16 09:01:17,patient-001,phone_location_speed,0.06,m/s,phone,location
2026-01-16 09:14:50,patient-001,phone_location_bearing,42,degrees,phone,location
2026-01-16 09:27:39,patient-001,phone_accelerometer_x,1.05,m/s2,phone,motion
2026-01-16 09:40:25,patient-001,phone_accelerometer_y,-1.023,m/s2,phone,motion
2026-01-16 09:53:48,patient-001,phone_accelerometer_z,-1.628,m/s2,phone,motion
2026-01-16 10:06:44,patient-001,phone_gyroscope_x,0.2691,rad/s,phone,motion
2026-01-16 10:19:25,patient-001,phone_gyroscope_y,-0.0683,rad/s,phone,motion
2026-01-16 10:32:03,patient-001,phone_gyroscope_z,-0.3009,rad/s,phone,motion
2026-01-16 10:45:56,patient-001,phone_magnetometer_x,33.54,microtesla,phone,motion
2026-01-16 10:58:11,patient-001,phone_magnetometer_y,12.28,microtesla,phone,motion
2026-01-16 11:11:15,patient-001,phone_magnetometer_z,11.54,microtesla,phone,motion
2026-01-16 11:24:30,patient-001,phone_barometer_pressure,1003.6,hPa,phone,motion
2026-01-16 11:37:05,patient-001,phone_ambient_light_lux,107.0,lux,phone,motion
2026-01-16 11:50:01,patient-001,phone_proximity_state,far,none,phone,motion
2026-01-16 12:03:55,patient-001,phone_step_detector_event,step,none,phone,motion
2026-01-16 12:16:18,patient-001,phone_step_counter_value,19247,steps,phone,motion
2026-01-16 12:29:57,patient-001,phone_activity_recognition_state,walking,none,phone,motion
2026-01-16 12:42:31,patient-001,phone_app_foreground_package,com.google.android.gm,none,phone,app_usage
2026-01-16 12:55:19,patient-001,phone_app_foreground_name,Fitbit,none,phone,app_usage
2026-01-16 13:08:30,patient-001,phone_notification_posted_app,Calendar,none,phone,app_usage
2026-01-16 13:21:41,patient-001,phone_notification_removed_app,Gmail,none,phone,app_usage
2026-01-16 13:34:39,patient-001,phone_sms_received_event,received,none,phone,communication
2026-01-16 13:47:17,patient-001,phone_sms_sent_event,none,none,phone,communication
2026-01-16 14:00:57,patient-001,phone_call_state,idle,none,phone,communication
2026-01-16 14:13:51,patient-001,phone_call_direction,none,none,phone,communication
2026-01-16 14:26:59,patient-001,phone_keyboard_visible_state,hidden,none,phone,device
2026-01-16 14:39:00,patient-001,phone_clipboard_changed_event,none,none,phone,device
2026-01-16 14:52:30,patient-001,phone_camera_open_state,closed,none,phone,device
2026-01-16 15:05:28,patient-001,wearable_heart_rate,65,bpm,wearable,wearable
2026-01-16 15:18:01,patient-001,wearable_resting_heart_rate,60,bpm,wearable,wearable
2026-01-16 15:31:33,patient-001,wearable_hrv_value,33.7,ms,wearable,wearable
2026-01-16 15:44:57,patient-001,wearable_spo2,97.8,percent,wearable,wearable
2026-01-16 15:57:36,patient-001,wearable_skin_temperature,36.15,celsius,wearable,wearable
2026-01-16 16:10:02,patient-001,wearable_respiratory_rate,15.0,breaths/min,wearable,wearable
2026-01-16 16:23:37,patient-001,wearable_step_counter,21021,steps,phone,motion
2026-01-16 16:36:20,patient-001,wearable_calories_burned,53941,kcal,wearable,wearable
2026-01-16 16:49:56,patient-001,wearable_sleep_state,awake,none,wearable,wearable
2026-01-16 17:02:09,patient-001,wearable_sleep_stage,deep,none,wearable,wearable
2026-01-16 17:15:41,patient-001,wearable_body_position,lying_left,none,wearable,wearable
2026-01-16 17:28:21,patient-001,wearable_device_battery_level,82,percent,wearable,wearable
2026-01-16 17:41:28,patient-001,smartwatch_screen_state,off,none,smartwatch,wearable
2026-01-16 17:54:19,patient-001,smartwatch_workout_state,inactive,none,smartwatch,wearable
2026-01-16 18:07:53,patient-001,smartwatch_workout_type,none,none,smartwatch,wearable
2026-01-16 18:20:37,patient-001,front_door_contact_state,closed,none,smart_home,contact
2026-01-16 18:33:06,patient-001,bedroom_door_contact_state,closed,none,smart_home,contact
2026-01-16 18:46:50,patient-001,bathroom_door_contact_state,closed,none,smart_home,contact
2026-01-16 18:59:57,patient-001,refrigerator_door_contact_state,closed,none,smart_home,contact
2026-01-16 19:12:06,patient-001,pantry_door_contact_state,closed,none,smart_home,contact
2026-01-16 19:25:19,patient-001,medicine_cabinet_contact_state,closed,none,smart_home,contact
2026-01-16 19:38:20,patient-001,window_contact_state,closed,none,smart_home,contact
2026-01-16 19:51:52,patient-001,kitchen_motion_state,off,none,smart_home,occupancy
2026-01-16 20:04:34,patient-001,bedroom_motion_state,on,none,smart_home,occupancy
2026-01-16 20:17:41,patient-001,bathroom_motion_state,off,none,smart_home,occupancy
2026-01-16 20:30:12,patient-001,living_room_motion_state,off,none,smart_home,occupancy
2026-01-16 20:43:48,patient-001,hallway_motion_state,off,none,smart_home,occupancy
2026-01-16 20:56:39,patient-001,bed_pressure_sensor_state,clear,none,smart_home,occupancy
2026-01-16 21:09:28,patient-001,chair_pressure_sensor_state,occupied,none,smart_home,occupancy
2026-01-16 21:22:27,patient-001,sofa_pressure_sensor_state,occupied,none,smart_home,occupancy
2026-01-16 21:35:58,patient-001,smart_light_power_state,on,none,smart_home,lighting
2026-01-16 21:48:06,patient-001,smart_light_brightness,43,percent,smart_home,lighting
2026-01-16 22:01:02,patient-001,smart_light_color_temperature,2753,kelvin,smart_home,lighting
2026-01-16 22:14:53,patient-001,smart_light_rgb_color,"190,202,211",none,smart_home,lighting
2026-01-16 22:27:57,patient-001,room_illuminance_lux,122.1,lux,smart_home,environment
2026-01-16 22:40:43,patient-001,thermostat_current_temperature,22.2,celsius,smart_home,environment
2026-01-16 22:53:14,patient-001,thermostat_target_temperature,20.9,celsius,smart_home,environment
2026-01-16 23:06:10,patient-001,thermostat_hvac_mode,heat,none,smart_home,environment
2026-01-16 23:19:00,patient-001,thermostat_hvac_action,heating,none,smart_home,environment
2026-01-16 23:32:07,patient-001,room_humidity,29,percent,smart_home,environment
2026-01-16 23:45:52,patient-001,indoor_co2_ppm,790,ppm,smart_home,environment
2026-01-16 23:58:46,patient-001,indoor_pm25,0.5,ug/m3,smart_home,environment
2026-01-17 00:02:02,patient-001,indoor_co2_ppm,955,ppm,smart_home,environment
2026-01-17 00:15:59,patient-001,indoor_pm25,4.0,ug/m3,smart_home,environment
2026-01-17 00:28:03,patient-001,indoor_voc_level,36,index,smart_home,environment
2026-01-17 00:41:30,patient-001,indoor_air_quality_index,45,index,smart_home,environment
2026-01-17 00:54:32,patient-001,noise_sensor_decibels,39.6,dB,smart_home,environment
2026-01-17 01:07:57,patient-001,smart_plug_power_watts,218.9,W,smart_home,power
2026-01-17 01:20:16,patient-001,smart_plug_voltage,119.0,V,smart_home,power
2026-01-17 01:33:24,patient-001,smart_plug_current_amps,0.53,A,smart_home,power
2026-01-17 01:46:05,patient-001,coffee_machine_power_state,off,none,smart_home,power
2026-01-17 01:59:20,patient-001,coffee_machine_power_watts,60.1,W,smart_home,power
2026-01-17 02:12:54,patient-001,tv_power_state,off,none,smart_home,power
2026-01-17 02:25:37,patient-001,tv_power_watts,107.2,W,smart_home,power
2026-01-17 02:38:34,patient-001,computer_power_state,on,none,smart_home,power
2026-01-17 02:51:52,patient-001,computer_power_watts,37.9,W,smart_home,power
2026-01-17 03:04:33,patient-001,microwave_power_state,on,none,smart_home,power
2026-01-17 03:17:55,patient-001,microwave_power_watts,71.9,W,smart_home,power
2026-01-17 03:30:01,patient-001,washing_machine_power_state,off,none,smart_home,power
2026-01-17 03:43:33,patient-001,washing_machine_power_watts,41.9,W,smart_home,power
2026-01-17 04:32:00,patient-001,phone_battery_level,84,percent,phone,device
2026-01-17 04:45:12,patient-001,phone_battery_state,discharging,none,phone,device
2026-01-17 04:58:35,patient-001,phone_power_source,usb,none,phone,device
2026-01-17 05:11:43,patient-001,phone_screen_state,off,none,phone,device
2026-01-17 05:24:39,patient-001,phone_lock_state,locked,none,phone,device
2026-01-17 05:37:12,patient-001,phone_interactive_state,idle,none,phone,device
2026-01-17 05:50:09,patient-001,phone_orientation,portrait,none,phone,device
2026-01-17 06:03:52,patient-001,phone_brightness_level,51,percent,phone,device
2026-01-17 06:16:58,patient-001,phone_volume_level,3,percent,phone,device
2026-01-17 06:29:44,patient-001,phone_ringer_mode,normal,none,phone,device
2026-01-17 06:42:48,patient-001,phone_do_not_disturb_state,off,none,phone,device
2026-01-17 06:55:43,patient-001,phone_airplane_mode,off,none,phone,device
2026-01-17 07:08:13,patient-001,phone_wifi_state,connected,none,phone,device
2026-01-17 07:21:57,patient-001,phone_wifi_ssid,HomeNet,none,phone,device
2026-01-17 07:34:51,patient-001,phone_cellular_signal_strength,-104,dBm,phone,device
2026-01-17 07:47:41,patient-001,phone_bluetooth_state,on,none,phone,device
2026-01-17 08:00:33,patient-001,phone_headphones_connected,disconnected,none,phone,device
2026-01-17 08:13:25,patient-001,phone_nfc_state,on,none,phone,device
2026-01-17 08:26:59,patient-001,phone_location_latitude,40.670362,degrees,phone,location
2026-01-17 08:39:02,patient-001,phone_location_longitude,-73.982959,degrees,phone,location
2026-01-17 08:52:47,patient-001,phone_location_accuracy,6.4,meters,phone,location
2026-01-17 09:05:50,patient-001,phone_location_altitude,20.7,meters,phone,location
2026-01-17 09:18:05,patient-001,phone_location_speed,0.3,m/s,phone,location
2026-01-17 09:31:05,patient-001,phone_location_bearing,355,degrees,phone,location
2026-01-17 09:44:31,patient-001,phone_accelerometer_x,-0.689,m/s2,phone,motion
2026-01-17 09:57:23,patient-001,phone_accelerometer_y,-4.385,m/s2,phone,motion
2026-01-17 10:10:29,patient-001,phone_accelerometer_z,1.302,m/s2,phone,motion
2026-01-17 10:23:03,patient-001,phone_gyroscope_x,-0.059,rad/s,phone,motion
2026-01-17 10:36:45,patient-001,phone_gyroscope_y,0.0411,rad/s,phone,motion
2026-01-17 10:49:00,patient-001,phone_gyroscope_z,-0.1299,rad/s,phone,motion
2026-01-17 11:02:29,patient-001,phone_magnetometer_x,20.95,microtesla,phone,motion
2026-01-17 11:15:23,patient-001,phone_magnetometer_y,29.85,microtesla,phone,motion
2026-01-17 11:28:50,patient-001,phone_magnetometer_z,31.92,microtesla,phone,motion
2026-01-17 11:41:29,patient-001,phone_barometer_pressure,1006.4,hPa,phone,motion
2026-01-17 11:54:58,patient-001,phone_ambient_light_lux,102.3,lux,phone,motion
2026-01-17 12:07:25,patient-001,phone_proximity_state,near,none,phone,motion
2026-01-17 12:20:43,patient-001,phone_step_detector_event,step,none,phone,motion
2026-01-17 12:33:44,patient-001,phone_step_counter_value,19654,steps,phone,motion
2026-01-17 12:46:55,patient-001,phone_activity_recognition_state,cycling,none,phone,motion
2026-01-17 12:59:36,patient-001,phone_app_foreground_package,com.google.android.apps.maps,none,phone,app_usage
2026-01-17 13:12:28,patient-001,phone_app_foreground_name,Netflix,none,phone,app_usage
2026-01-17 13:25:19,patient-001,phone_notification_posted_app,Spotify,none,phone,app_usage
2026-01-17 13:38:20,patient-001,phone_notification_removed_app,Fitbit,none,phone,app_usage
2026-01-17 13:51:16,patient-001,phone_sms_received_event,none,none,phone,communication
2026-01-17 14:04:28,patient-001,phone_sms_sent_event,none,none,phone,communication
2026-01-17 14:17:17,patient-001,phone_call_state,idle,none,phone,communication
2026-01-17 14:30:28,patient-001,phone_call_direction,none,none,phone,communication
2026-01-17 14:43:03,patient-001,phone_keyboard_visible_state,hidden,none,phone,device
2026-01-17 14:56:40,patient-001,phone_clipboard_changed_event,none,none,phone,device
2026-01-17 15:09:23,patient-001,phone_camera_open_state,closed,none,phone,device
2026-01-17 15:22:51,patient-001,wearable_heart_rate,97,bpm,wearable,wearable
2026-01-17 15:35:37,patient-001,wearable_resting_heart_rate,63,bpm,wearable,wearable
2026-01-17 15:48:27,patient-001,wearable_hrv_value,35.2,ms,wearable,wearable
2026-01-17 16:01:48,patient-001,wearable_spo2,97.2,percent,wearable,wearable
2026-01-17 16:14:02,patient-001,wearable_skin_temperature,36.88,celsius,wearable,wearable
2026-01-17 16:27:56,patient-001,wearable_respiratory_rate,16.4,breaths/min,wearable,wearable
2026-01-17 16:40:48,patient-001,wearable_step_counter,21590,steps,phone,motion
2026-01-17 16:53:33,patient-001,wearable_calories_burned,54039,kcal,wearable,wearable
2026-01-17 17:06:43,patient-001,wearable_sleep_state,asleep,none,wearable,wearable
2026-01-17 17:19:34,patient-001,wearable_sleep_stage,light,none,wearable,wearable
2026-01-17 17:32:44,patient-001,wearable_body_position,lying_right,none,wearable,wearable
2026-01-17 17:45:42,patient-001,wearable_device_battery_level,59,percent,wearable,wearable
2026-01-17 17:58:59,patient-001,smartwatch_screen_state,off,none,smartwatch,wearable
2026-01-17 18:11:43,patient-001,smartwatch_workout_state,inactive,none,smartwatch,wearable
2026-01-17 18:24:37,patient-001,smartwatch_workout_type,none,none,smartwatch,wearable
2026-01-17 18:37:26,patient-001,front_door_contact_state,open,none,smart_home,contact
2026-01-17 18:50:00,patient-001,bedroom_door_contact_state,closed,none,smart_home,contact
2026-01-17 19:03:21,patient-001,bathroom_door_contact_state,closed,none,smart_home,contact
2026-01-17 19:16:26,patient-001,refrigerator_door_contact_state,closed,none,smart_home,contact
2026-01-17 19:29:40,patient-001,pantry_door_contact_state,closed,none,smart_home,contact
2026-01-17 19:42:36,patient-001,medicine_cabinet_contact_state,open,none,smart_home,contact
2026-01-17 19:55:19,patient-001,window_contact_state,closed,none,smart_home,contact
2026-01-17 20:08:12,patient-001,kitchen_motion_state,off,none,smart_home,occupancy
2026-01-17 20:21:23,patient-001,bedroom_motion_state,off,none,smart_home,occupancy
2026-01-17 20:34:15,patient-001,bathroom_motion_state,off,none,smart_home,occupancy
2026-01-17 20:47:17,patient-001,living_room_motion_state,on,none,smart_home,occupancy
2026-01-17 21:00:27,patient-001,hallway_motion_state,off,none,smart_home,occupancy
2026-01-17 21:13:12,patient-001,bed_pressure_sensor_state,clear,none,smart_home,occupancy
2026-01-17 21:26:02,patient-001,chair_pressure_sensor_state,clear,none,smart_home,occupancy
2026-01-17 21:39:35,patient-001,sofa_pressure_sensor_state,clear,none,smart_home,occupancy
2026-01-17 21:52:23,patient-001,smart_light_power_state,on,none,smart_home,lighting
2026-01-17 22:05:10,patient-001,smart_light_brightness,72,percent,smart_home,lighting
2026-01-17 22:18:25,patient-001,smart_light_color_temperature,2339,kelvin,smart_home,lighting
2026-01-17 22:31:46,patient-001,smart_light_rgb_color,"156,208,180",none,smart_home,lighting
2026-01-17 22:44:51,patient-001,room_illuminance_lux,250.9,lux,smart_home,environment
2026-01-17 22:57:54,patient-001,thermostat_current_temperature,20.3,celsius,smart_home,environment
2026-01-17 23:10:45,patient-001,thermostat_target_temperature,19.9,celsius,smart_home,environment
2026-01-17 23:23:16,patient-001,thermostat_hvac_mode,heat,none,smart_home,environment
2026-01-17 23:36:52,patient-001,thermostat_hvac_action,idle,none,smart_home,environment
2026-01-17 23:49:14,patient-001,room_humidity,28,percent,smart_home,environment
2026-01-18 00:06:33,patient-001,room_humidity,49,percent,smart_home,environment
2026-01-18 00:19:44,patient-001,indoor_co2_ppm,944,ppm,smart_home,environment
2026-01-18 00:32:10,patient-001,indoor_pm25,5.7,ug/m3,smart_home,environment
2026-01-18 00:45:10,patient-001,indoor_voc_level,94,index,smart_home,environment
2026-01-18 00:58:55,patient-001,indoor_air_quality_index,53,index,smart_home,environment
2026-01-18 01:11:33,patient-001,noise_sensor_decibels,42.7,dB,smart_home,environment
2026-01-18 01:24:49,patient-001,smart_plug_power_watts,13.2,W,smart_home,power
2026-01-18 01:37:42,patient-001,smart_plug_voltage,117.5,V,smart_home,power
2026-01-18 01:50:44,patient-001,smart_plug_current_amps,2.36,A,smart_home,power
2026-01-18 02:03:44,patient-001,coffee_machine_power_state,off,none,smart_home,power
2026-01-18 02:16:11,patient-001,coffee_machine_power_watts,300.8,W,smart_home,power
2026-01-18 02:29:31,patient-001,tv_power_state,off,none,smart_home,power
2026-01-18 02:42:28,patient-001,tv_power_watts,45.2,W,smart_home,power
2026-01-18 02:55:10,patient-001,computer_power_state,on,none,smart_home,power
2026-01-18 03:08:41,patient-001,computer_power_watts,286.7,W,smart_home,power
2026-01-18 03:21:58,patient-001,microwave_power_state,off,none,smart_home,power
2026-01-18 03:34:56,patient-001,microwave_power_watts,62.3,W,smart_home,power
2026-01-18 03:47:11,patient-001,washing_machine_power_state,on,none,smart_home,power
2026-01-18 04:00:18,patient-001,washing_machine_power_watts,439.4,W,smart_home,power
2026-01-18 04:49:12,patient-001,phone_battery_level,45,percent,phone,device
2026-01-18 05:02:50,patient-001,phone_battery_state,discharging,none,phone,device
2026-01-18 05:15:49,patient-001,phone_power_source,battery,none,phone,device
2026-01-18 05:28:42,patient-001,phone_screen_state,off,none,phone,device
2026-01-18 05:41:31,patient-001,phone_lock_state,unlocked,none,phone,device
2026-01-18 05:54:11,patient-001,phone_interactive_state,idle,none,phone,device
2026-01-18 06:07:11,patient-001,phone_orientation,portrait,none,phone,device
2026-01-18 06:20:57,patient-001,phone_brightness_level,31,percent,phone,device
2026-01-18 06:33:48,patient-001,phone_volume_level,45,percent,phone,device
2026-01-18 06:46:14,patient-001,phone_ringer_mode,vibrate,none,phone,device
2026-01-18 06:59:15,patient-001,phone_do_not_disturb_state,off,none,phone,device
2026-01-18 07:12:11,patient-001,phone_airplane_mode,off,none,phone,device
2026-01-18 07:25:14,patient-001,phone_wifi_state,connected,none,phone,device
2026-01-18 07:38:26,patient-001,phone_wifi_ssid,HomeNet,none,phone,device
2026-01-18 07:51:51,patient-001,phone_cellular_signal_strength,-84,dBm,phone,device
2026-01-18 08:04:56,patient-001,phone_bluetooth_state,on,none,phone,device
2026-01-18 08:17:09,patient-001,phone_headphones_connected,disconnected,none,phone,device
2026-01-18 08:30:29,patient-001,phone_nfc_state,off,none,phone,device
2026-01-18 08:43:23,patient-001,phone_location_latitude,40.744988,degrees,phone,location
2026-01-18 08:56:36,patient-001,phone_location_longitude,-73.983437,degrees,phone,location
2026-01-18 09:09:56,patient-001,phone_location_accuracy,13.0,meters,phone,location
2026-01-18 09:22:21,patient-001,phone_location_altitude,19.8,meters,phone,location
2026-01-18 09:35:55,patient-001,phone_location_speed,0.39,m/s,phone,location
2026-01-18 09:48:18,patient-001,phone_location_bearing,222,degrees,phone,location
2026-01-18 10:01:02,patient-001,phone_accelerometer_x,0.848,m/s2,phone,motion
2026-01-18 10:14:15,patient-001,phone_accelerometer_y,0.02,m/s2,phone,motion
2026-01-18 10:27:25,patient-001,phone_accelerometer_z,-0.915,m/s2,phone,motion
2026-01-18 10:40:26,patient-001,phone_gyroscope_x,0.1357,rad/s,phone,motion
2026-01-18 10:53:48,patient-001,phone_gyroscope_y,0.15,rad/s,phone,motion
2026-01-18 11:06:44,patient-001,phone_gyroscope_z,0.1127,rad/s,phone,motion
2026-01-18 11:19:05,patient-001,phone_magnetometer_x,16.8,microtesla,phone,motion
2026-01-18 11:32:59,patient-001,phone_magnetometer_y,23.29,microtesla,phone,motion
2026-01-18 11:45:31,patient-001,phone_magnetometer_z,36.61,microtesla,phone,motion
2026-01-18 11:58:07,patient-001,phone_barometer_pressure,1018.7,hPa,phone,motion
2026-01-18 12:11:21,patient-001,phone_ambient_light_lux,711.7,lux,phone,motion
2026-01-18 12:24:37,patient-001,phone_proximity_state,far,none,phone,motion
2026-01-18 12:37:57,patient-001,phone_step_detector_event,none,none,phone,motion
2026-01-18 12:50:34,patient-001,phone_step_counter_value,19885,steps,phone,motion
2026-01-18 13:03:43,patient-001,phone_activity_recognition_state,stationary,none,phone,motion
2026-01-18 13:16:13,patient-001,phone_app_foreground_package,com.netflix.mediaclient,none,phone,app_usage
2026-01-18 13:29:52,patient-001,phone_app_foreground_name,Spotify,none,phone,app_usage
2026-01-18 13:42:33,patient-001,phone_notification_posted_app,Calendar,none,phone,app_usage
2026-01-18 13:55:02,patient-001,phone_notification_removed_app,Calendar,none,phone,app_usage
2026-01-18 14:08:38,patient-001,phone_sms_received_event,none,none,phone,communication
2026-01-18 14:21:43,patient-001,phone_sms_sent_event,none,none,phone,communication
2026-01-18 14:34:12,patient-001,phone_call_state,idle,none,phone,communication
2026-01-18 14:47:08,patient-001,phone_call_direction,none,none,phone,communication
2026-01-18 15:00:47,patient-001,phone_keyboard_visible_state,hidden,none,phone,device
2026-01-18 15:13:00,patient-001,phone_clipboard_changed_event,none,none,phone,device
2026-01-18 15:26:24,patient-001,phone_camera_open_state,closed,none,phone,device
2026-01-18 15:39:03,patient-001,wearable_heart_rate,61,bpm,wearable,wearable
2026-01-18 15:52:49,patient-001,wearable_resting_heart_rate,55,bpm,wearable,wearable
2026-01-18 16:05:07,patient-001,wearable_hrv_value,81.8,ms,wearable,wearable
2026-01-18 16:18:44,patient-001,wearable_spo2,95.9,percent,wearable,wearable
2026-01-18 16:31:25,patient-001,wearable_skin_temperature,36.32,celsius,wearable,wearable
2026-01-18 16:44:11,patient-001,wearable_respiratory_rate,16.6,breaths/min,wearable,wearable
2026-01-18 16:57:53,patient-001,wearable_step_counter,22303,steps,phone,motion
2026-01-18 17:10:53,patient-001,wearable_calories_burned,54113,kcal,wearable,wearable
2026-01-18 17:23:49,patient-001,wearable_sleep_state,awake,none,wearable,wearable
2026-01-18 17:36:31,patient-001,wearable_sleep_stage,awake,none,wearable,wearable
2026-01-18 17:49:56,patient-001,wearable_body_position,lying_right,none,wearable,wearable
2026-01-18 18:02:52,patient-001,wearable_device_battery_level,34,percent,wearable,wearable
2026-01-18 18:15:10,patient-001,smartwatch_screen_state,off,none,smartwatch,wearable
2026-01-18 18:28:02,patient-001,smartwatch_workout_state,inactive,none,smartwatch,wearable
2026-01-18 18:41:01,patient-001,smartwatch_workout_type,none,none,smartwatch,wearable
2026-01-18 18:54:55,patient-001,front_door_contact_state,closed,none,smart_home,contact
2026-01-18 19:07:03,patient-001,bedroom_door_contact_state,closed,none,smart_home,contact
2026-01-18 19:20:33,patient-001,bathroom_door_contact_state,open,none,smart_home,contact
2026-01-18 19:33:43,patient-001,refrigerator_door_contact_state,closed,none,smart_home,contact
2026-01-18 19:46:36,patient-001,pantry_door_contact_state,closed,none,smart_home,contact
2026-01-18 19:59:52,patient-001,medicine_cabinet_contact_state,closed,none,smart_home,contact
2026-01-18 20:12:35,patient-001,window_contact_state,closed,none,smart_home,contact
2026-01-18 20:25:50,patient-001,kitchen_motion_state,off,none,smart_home,occupancy
2026-01-18 20:38:25,patient-001,bedroom_motion_state,off,none,smart_home,occupancy
2026-01-18 20:51:29,patient-001,bathroom_motion_state,on,none,smart_home,occupancy
2026-01-18 21:04:26,patient-001,living_room_motion_state,off,none,smart_home,occupancy
2026-01-18 21:17:38,patient-001,hallway_motion_state,off,none,smart_home,occupancy
2026-01-18 21:30:01,patient-001,bed_pressure_sensor_state,occupied,none,smart_home,occupancy
2026-01-18 21:43:54,patient-001,chair_pressure_sensor_state,clear,none,smart_home,occupancy
2026-01-18 21:56:33,patient-001,sofa_pressure_sensor_state,occupied,none,smart_home,occupancy
2026-01-18 22:09:14,patient-001,smart_light_power_state,off,none,smart_home,lighting
2026-01-18 22:22:06,patient-001,smart_light_brightness,47,percent,smart_home,lighting
2026-01-18 22:35:07,patient-001,smart_light_color_temperature,3007,kelvin,smart_home,lighting
2026-01-18 22:48:26,patient-001,smart_light_rgb_color,"178,98,90",none,smart_home,lighting
2026-01-18 23:01:55,patient-001,room_illuminance_lux,304.9,lux,smart_home,environment
2026-01-18 23:14:07,patient-001,thermostat_current_temperature,22.6,celsius,smart_home,environment
2026-01-18 23:27:14,patient-001,thermostat_target_temperature,20.4,celsius,smart_home,environment
2026-01-18 23:40:56,patient-001,thermostat_hvac_mode,auto,none,smart_home,environment
2026-01-18 23:53:45,patient-001,thermostat_hvac_action,idle,none,smart_home,environment
2026-01-19 00:10:28,patient-001,thermostat_hvac_action,idle,none,smart_home,environment
2026-01-19 00:23:05,patient-001,room_humidity,29,percent,smart_home,environment
2026-01-19 00:36:34,patient-001,indoor_co2_ppm,724,ppm,smart_home,environment
2026-01-19 00:49:47,patient-001,indoor_pm25,4.0,ug/m3,smart_home,environment
2026-01-19 01:02:59,patient-001,indoor_voc_level,102,index,smart_home,environment
2026-01-19 01:15:32,patient-001,indoor_air_quality_index,46,index,smart_home,environment
2026-01-19 01:28:49,patient-001,noise_sensor_decibels,32.1,dB,smart_home,environment
2026-01-19 01:41:16,patient-001,smart_plug_power_watts,151.3,W,smart_home,power
2026-01-19 01:54:14,patient-001,smart_plug_voltage,116.2,V,smart_home,power
2026-01-19 02:07:46,patient-001,smart_plug_current_amps,2.33,A,smart_home,power
2026-01-19 02:20:41,patient-001,coffee_machine_power_state,on,none,smart_home,power
2026-01-19 02:33:48,patient-001,coffee_machine_power_watts,271.0,W,smart_home,power
2026-01-19 02:46:44,patient-001,tv_power_state,off,none,smart_home,power
2026-01-19 02:59:20,patient-001,tv_power_watts,85.4,W,smart_home,power
2026-01-19 03:12:43,patient-001,computer_power_state,off,none,smart_home,power
2026-01-19 03:25:41,patient-001,computer_power_watts,9.3,W,smart_home,power
2026-01-19 03:38:04,patient-001,microwave_power_state,off,none,smart_home,power
2026-01-19 03:51:04,patient-001,microwave_power_watts,100.2,W,smart_home,power
2026-01-19 04:04:08,patient-001,washing_machine_power_state,off,none,smart_home,power
2026-01-19 04:17:27,patient-001,washing_machine_power_watts,259.7,W,smart_home,power
2026-01-19 05:06:08,patient-001,phone_battery_level,86,percent,phone,device
2026-01-19 05:19:49,patient-001,phone_battery_state,discharging,none,phone,device
2026-01-19 05:32:13,patient-001,phone_power_source,ac,none,phone,device
2026-01-19 05:45:18,patient-001,phone_screen_state,off,none,phone,device
2026-01-19 05:58:52,patient-001,phone_lock_state,locked,none,phone,device
2026-01-19 06:11:47,patient-001,phone_interactive_state,interactive,none,phone,device
2026-01-19 06:24:12,patient-001,phone_orientation,face_up,none,phone,device
2026-01-19 06:37:01,patient-001,phone_brightness_level,35,percent,phone,device
2026-01-19 06:50:28,patient-001,phone_volume_level,34,percent,phone,device
2026-01-19 07:03:26,patient-001,phone_ringer_mode,normal,none,phone,device
2026-01-19 07:16:43,patient-001,phone_do_not_disturb_state,off,none,phone,device
2026-01-19 07:29:22,patient-001,phone_airplane_mode,off,none,phone,device
2026-01-19 07:42:29,patient-001,phone_wifi_state,connected,none,phone,device
2026-01-19 07:55:54,patient-001,phone_wifi_ssid,HomeNet,none,phone,device
2026-01-19 08:08:10,patient-001,phone_cellular_signal_strength,-76,dBm,phone,device
2026-01-19 08:21:33,patient-001,phone_bluetooth_state,on,none,phone,device
2026-01-19 08:34:09,patient-001,phone_headphones_connected,disconnected,none,phone,device
2026-01-19 08:47:57,patient-001,phone_nfc_state,off,none,phone,device
2026-01-19 09:00:25,patient-001,phone_location_latitude,40.719298,degrees,phone,location
2026-01-19 09:13:49,patient-001,phone_location_longitude,-73.962198,degrees,phone,location
2026-01-19 09:26:26,patient-001,phone_location_accuracy,12.6,meters,phone,location
2026-01-19 09:39:35,patient-001,phone_location_altitude,13.6,meters,phone,location
2026-01-19 09:52:33,patient-001,phone_location_speed,1.23,m/s,phone,location
2026-01-19 10:05:35,patient-001,phone_location_bearing,97,degrees,phone,location
2026-01-19 10:18:05,patient-001,phone_accelerometer_x,5.584,m/s2,phone,motion
2026-01-19 10:31:38,patient-001,phone_accelerometer_y,0.7,m/s2,phone,motion
2026-01-19 10:44:58,patient-001,phone_accelerometer_z,1.888,m/s2,phone,motion
2026-01-19 10:57:56,patient-001,phone_gyroscope_x,0.1466,rad/s,phone,motion
2026-01-19 11:10:58,patient-001,phone_gyroscope_y,-0.1238,rad/s,phone,motion
2026-01-19 11:23:49,patient-001,phone_gyroscope_z,-0.2592,rad/s,phone,motion
2026-01-19 11:36:27,patient-001,phone_magnetometer_x,24.95,microtesla,phone,motion
2026-01-19 11:49:01,patient-001,phone_magnetometer_y,23.14,microtesla,phone,motion
2026-01-19 12:02:26,patient-001,phone_magnetometer_z,26.96,microtesla,phone,motion
2026-01-19 12:15:02,patient-001,phone_barometer_pressure,1002.6,hPa,phone,motion
2026-01-19 12:28:10,patient-001,phone_ambient_light_lux,125.6,lux,phone,motion
2026-01-19 12:41:37,patient-001,phone_proximity_state,far,none,phone,motion
2026-01-19 12:54:11,patient-001,phone_step_detector_event,none,none,phone,motion
2026-01-19 13:07:30,patient-001,phone_step_counter_value,20542,steps,phone,motion
2026-01-19 13:20:31,patient-001,phone_activity_recognition_state,stationary,none,phone,motion
2026-01-19 13:33:54,patient-001,phone_app_foreground_package,com.bank.mobile,none,phone,app_usage
2026-01-19 13:46:36,patient-001,phone_app_foreground_name,Messages,none,phone,app_usage
2026-01-19 13:59:12,patient-001,phone_notification_posted_app,Calendar,none,phone,app_usage
2026-01-19 14:12:48,patient-001,phone_notification_removed_app,Messages,none,phone,app_usage
2026-01-19 14:25:53,patient-001,phone_sms_received_event,none,none,phone,communication
2026-01-19 14:38:12,patient-001,phone_sms_sent_event,none,none,phone,communication
2026-01-19 14:51:33,patient-001,phone_call_state,idle,none,phone,communication
2026-01-19 15:04:59,patient-001,phone_call_direction,none,none,phone,communication
2026-01-19 15:17:28,patient-001,phone_keyboard_visible_state,hidden,none,phone,device
2026-01-19 15:30:52,patient-001,phone_clipboard_changed_event,none,none,phone,device
2026-01-19 15:43:40,patient-001,phone_camera_open_state,closed,none,phone,device
2026-01-19 15:56:13,patient-001,wearable_heart_rate,64,bpm,wearable,wearable
2026-01-19 16:09:56,patient-001,wearable_resting_heart_rate,63,bpm,wearable,wearable
2026-01-19 16:22:19,patient-001,wearable_hrv_value,64.8,ms,wearable,wearable
2026-01-19 16:35:43,patient-001,wearable_spo2,96.9,percent,wearable,wearable
2026-01-19 16:48:19,patient-001,wearable_skin_temperature,36.18,celsius,wearable,wearable
2026-01-19 17:01:29,patient-001,wearable_respiratory_rate,16.2,breaths/min,wearable,wearable
2026-01-19 17:14:01,patient-001,wearable_step_counter,22669,steps,phone,motion
2026-01-19 17:27:52,patient-001,wearable_calories_burned,54191,kcal,wearable,wearable
2026-01-19 17:40:11,patient-001,wearable_sleep_state,awake,none,wearable,wearable
2026-01-19 17:53:28,patient-001,wearable_sleep_stage,awake,none,wearable,wearable
2026-01-19 18:06:46,patient-001,wearable_body_position,standing,none,wearable,wearable
2026-01-19 18:19:21,patient-001,wearable_device_battery_level,68,percent,wearable,wearable
2026-01-19 18:32:56,patient-001,smartwatch_screen_state,off,none,smartwatch,wearable
2026-01-19 18:45:16,patient-001,smartwatch_workout_state,inactive,none,smartwatch,wearable
2026-01-19 18:58:53,patient-001,smartwatch_workout_type,none,none,smartwatch,wearable
2026-01-19 19:11:24,patient-001,front_door_contact_state,closed,none,smart_home,contact
2026-01-19 19:24:26,patient-001,bedroom_door_contact_state,closed,none,smart_home,contact
2026-01-19 19:37:13,patient-001,bathroom_door_contact_state,closed,none,smart_home,contact
2026-01-19 19:50:06,patient-001,refrigerator_door_contact_state,closed,none,smart_home,contact
2026-01-19 20:03:42,patient-001,pantry_door_contact_state,closed,none,smart_home,contact
2026-01-19 20:16:42,patient-001,medicine_cabinet_contact_state,closed,none,smart_home,contact
2026-01-19 20:29:11,patient-001,window_contact_state,closed,none,smart_home,contact
2026-01-19 20:42:22,patient-001,kitchen_motion_state,on,none,smart_home,occupancy
2026-01-19 20:55:39,patient-001,bedroom_motion_state,off,none,smart_home,occupancy
2026-01-19 21:08:22,patient-001,bathroom_motion_state,off,none,smart_home,occupancy
2026-01-19 21:21:27,patient-001,living_room_motion_state,off,none,smart_home,occupancy
2026-01-19 21:34:55,patient-001,hallway_motion_state,on,none,smart_home,occupancy
2026-01-19 21:47:55,patient-001,bed_pressure_sensor_state,occupied,none,smart_home,occupancy
2026-01-19 22:00:37,patient-001,chair_pressure_sensor_state,occupied,none,smart_home,occupancy
2026-01-19 22:13:07,patient-001,sofa_pressure_sensor_state,clear,none,smart_home,occupancy
2026-01-19 22:26:26,patient-001,smart_light_power_state,on,none,smart_home,lighting
2026-01-19 22:39:21,patient-001,smart_light_brightness,65,percent,smart_home,lighting
2026-01-19 22:52:36,patient-001,smart_light_color_temperature,3081,kelvin,smart_home,lighting
2026-01-19 23:05:32,patient-001,smart_light_rgb_color,"242,203,239",none,smart_home,lighting
2026-01-19 23:18:30,patient-001,room_illuminance_lux,84.4,lux,smart_home,environment
2026-01-19 23:31:37,patient-001,thermostat_current_temperature,20.8,celsius,smart_home,environment
2026-01-19 23:44:07,patient-001,thermostat_target_temperature,20.6,celsius,smart_home,environment
2026-01-19 23:57:35,patient-001,thermostat_hvac_mode,auto,none,smart_home,environment
2026-01-20 00:01:12,patient-001,thermostat_target_temperature,20.8,celsius,smart_home,environment
2026-01-20 00:14:54,patient-001,thermostat_hvac_mode,heat,none,smart_home,environment
2026-01-20 00:27:51,patient-001,thermostat_hvac_action,idle,none,smart_home,environment
2026-01-20 00:40:54,patient-001,room_humidity,38,percent,smart_home,environment
2026-01-20 00:53:58,patient-001,indoor_co2_ppm,523,ppm,smart_home,environment
2026-01-20 01:06:03,patient-001,indoor_pm25,11.5,ug/m3,smart_home,environment
2026-01-20 01:19:26,patient-001,indoor_voc_level,68,index,smart_home,environment
2026-01-20 01:32:06,patient-001,indoor_air_quality_index,28,index,smart_home,environment
2026-01-20 01:45:10,patient-001,noise_sensor_decibels,47.4,dB,smart_home,environment
2026-01-20 01:58:35,patient-001,smart_plug_power_watts,78.2,W,smart_home,power
2026-01-20 02:11:05,patient-001,smart_plug_voltage,116.7,V,smart_home,power
2026-01-20 02:24:17,patient-001,smart_plug_current_amps,1.16,A,smart_home,power
2026-01-20 02:37:06,patient-001,coffee_machine_power_state,off,none,smart_home,power
2026-01-20 02:50:33,patient-001,coffee_machine_power_watts,27.1,W,smart_home,power
2026-01-20 03:03:39,patient-001,tv_power_state,off,none,smart_home,power
2026-01-20 03:16:47,patient-001,tv_power_watts,142.9,W,smart_home,power
2026-01-20 03:29:15,patient-001,computer_power_state,off,none,smart_home,power
2026-01-20 03:42:46,patient-001,computer_power_watts,25.7,W,smart_home,power
2026-01-20 03:55:26,patient-001,microwave_power_state,off,none,smart_home,power
2026-01-20 04:08:20,patient-001,microwave_power_watts,271.1,W,smart_home,power
2026-01-20 04:21:58,patient-001,washing_machine_power_state,on,none,smart_home,power
2026-01-20 04:34:44,patient-001,washing_machine_power_watts,815.3,W,smart_home,power
2026-01-20 05:23:52,patient-001,phone_battery_level,66,percent,phone,device
2026-01-20 05:36:57,patient-001,phone_battery_state,charging,none,phone,device
2026-01-20 05:49:55,patient-001,phone_power_source,usb,none,phone,device
2026-01-20 06:02:13,patient-001,phone_screen_state,off,none,phone,device
2026-01-20 06:15:24,patient-001,phone_lock_state,unlocked,none,phone,device
2026-01-20 06:28:15,patient-001,phone_interactive_state,interactive,none,phone,device
2026-01-20 06:41:25,patient-001,phone_orientation,portrait,none,phone,device
2026-01-20 06:54:37,patient-001,phone_brightness_level,26,percent,phone,device
2026-01-20 07:07:47,patient-001,phone_volume_level,88,percent,phone,device
2026-01-20 07:20:10,patient-001,phone_ringer_mode,vibrate,none,phone,device
2026-01-20 07:33:21,patient-001,phone_do_not_disturb_state,off,none,phone,device
2026-01-20 07:46:57,patient-001,phone_airplane_mode,off,none,phone,device
2026-01-20 07:59:52,patient-001,phone_wifi_state,connected,none,phone,device
2026-01-20 08:12:20,patient-001,phone_wifi_ssid,HomeNet,none,phone,device
2026-01-20 08:25:18,patient-001,phone_cellular_signal_strength,-98,dBm,phone,device
2026-01-20 08:38:00,patient-001,phone_bluetooth_state,on,none,phone,device
2026-01-20 08:51:26,patient-001,phone_headphones_connected,disconnected,none,phone,device
2026-01-20 09:04:39,patient-001,phone_nfc_state,off,none,phone,device
2026-01-20 09:17:39,patient-001,phone_location_latitude,40.746432,degrees,phone,location
2026-01-20 09:30:04,patient-001,phone_location_longitude,-74.05306,degrees,phone,location
2026-01-20 09:43:32,patient-001,phone_location_accuracy,48.3,meters,phone,location
2026-01-20 09:56:47,patient-001,phone_location_altitude,14.1,meters,phone,location
2026-01-20 10:09:15,patient-001,phone_location_speed,0.39,m/s,phone,location
2026-01-20 10:22:43,patient-001,phone_location_bearing,245,degrees,phone,location
2026-01-20 10:35:27,patient-001,phone_accelerometer_x,-2.584,m/s2,phone,motion
2026-01-20 10:48:06,patient-001,phone_accelerometer_y,-1.078,m/s2,phone,motion
2026-01-20 11:01:34,patient-001,phone_accelerometer_z,-4.033,m/s2,phone,motion
2026-01-20 11:14:08,patient-001,phone_gyroscope_x,0.0812,rad/s,phone,motion
2026-01-20 11:27:38,patient-001,phone_gyroscope_y,0.0497,rad/s,phone,motion
2026-01-20 11:40:02,patient-001,phone_gyroscope_z,0.1147,rad/s,phone,motion
2026-01-20 11:53:53,patient-001,phone_magnetometer_x,25.28,microtesla,phone,motion
2026-01-20 12:06:55,patient-001,phone_magnetometer_y,30.41,microtesla,phone,motion
2026-01-20 12:19:20,patient-001,phone_magnetometer_z,29.0,microtesla,phone,motion
2026-01-20 12:32:01,patient-001,phone_barometer_pressure,1020.3,hPa,phone,motion
2026-01-20 12:45:39,patient-001,phone_ambient_light_lux,316.7,lux,phone,motion
2026-01-20 12:58:14,patient-001,phone_proximity_state,far,none,phone,motion
2026-01-20 13:11:48,patient-001,phone_step_detector_event,none,none,phone,motion
2026-01-20 13:24:01,patient-001,phone_step_counter_value,21075,steps,phone,motion
2026-01-20 13:37:14,patient-001,phone_activity_recognition_state,stationary,none,phone,motion
2026-01-20 13:50:18,patient-001,phone_app_foreground_package,com.fitbit.FitbitMobile,none,phone,app_usage
2026-01-20 14:03:59,patient-001,phone_app_foreground_name,Gmail,none,phone,app_usage
2026-01-20 14:16:54,patient-001,phone_notification_posted_app,Messages,none,phone,app_usage
2026-01-20 14:29:22,patient-001,phone_notification_removed_app,Gmail,none,phone,app_usage
2026-01-20 14:42:21,patient-001,phone_sms_received_event,none,none,phone,communication
2026-01-20 14:55:54,patient-001,phone_sms_sent_event,none,none,phone,communication
2026-01-20 15:08:13,patient-001,phone_call_state,idle,none,phone,communication
2026-01-20 15:21:20,patient-001,phone_call_direction,none,none,phone,communication
2026-01-20 15:34:04,patient-001,phone_keyboard_visible_state,hidden,none,phone,device
2026-01-20 15:47:51,patient-001,phone_clipboard_changed_event,none,none,phone,device
2026-01-20 16:00:31,patient-001,phone_camera_open_state,closed,none,phone,device
2026-01-20 16:13:42,patient-001,wearable_heart_rate,81,bpm,wearable,wearable
2026-01-20 16:26:41,patient-001,wearable_resting_heart_rate,61,bpm,wearable,wearable
2026-01-20 16:39:05,patient-001,wearable_hrv_value,47.3,ms,wearable,wearable
2026-01-20 16:52:35,patient-001,wearable_spo2,99.4,percent,wearable,wearable
2026-01-20 17:05:57,patient-001,wearable_skin_temperature,36.58,celsius,wearable,wearable
2026-01-20 17:18:47,patient-001,wearable_respiratory_rate,14.9,breaths/min,wearable,wearable
2026-01-20 17:31:32,patient-001,wearable_step_counter,23000,steps,phone,motion
2026-01-20 17:44:08,patient-001,wearable_calories_burned,54229,kcal,wearable,wearable
2026-01-20 17:57:27,patient-001,wearable_sleep_state,awake,none,wearable,wearable
2026-01-20 18:10:06,patient-001,wearable_sleep_stage,awake,none,wearable,wearable
2026-01-20 18:23:00,patient-001,wearable_body_position,lying_left,none,wearable,wearable
2026-01-20 18:36:06,patient-001,wearable_device_battery_level,48,percent,wearable,wearable
2026-01-20 18:49:15,patient-001,smartwatch_screen_state,off,none,smartwatch,wearable
2026-01-20 19:02:02,patient-001,smartwatch_workout_state,inactive,none,smartwatch,wearable
2026-01-20 19:15:16,patient-001,smartwatch_workout_type,bike,none,smartwatch,wearable
2026-01-20 19:28:28,patient-001,front_door_contact_state,closed,none,smart_home,contact
2026-01-20 19:41:35,patient-001,bedroom_door_contact_state,closed,none,smart_home,contact
2026-01-20 19:54:44,patient-001,bathroom_door_contact_state,closed,none,smart_home,contact
2026-01-20 20:07:06,patient-001,refrigerator_door_contact_state,open,none,smart_home,contact
2026-01-20 20:20:17,patient-001,pantry_door_contact_state,closed,none,smart_home,contact
2026-01-20 20:33:15,patient-001,medicine_cabinet_contact_state,closed,none,smart_home,contact
2026-01-20 20:46:38,patient-001,window_contact_state,closed,none,smart_home,contact
2026-01-20 20:59:53,patient-001,kitchen_motion_state,off,none,smart_home,occupancy
2026-01-20 21:12:02,patient-001,bedroom_motion_state,off,none,smart_home,occupancy
2026-01-20 21:25:33,patient-001,bathroom_motion_state,off,none,smart_home,occupancy
2026-01-20 21:38:27,patient-001,living_room_motion_state,off,none,smart_home,occupancy
2026-01-20 21:51:47,patient-001,hallway_motion_state,off,none,smart_home,occupancy
2026-01-20 22:04:44,patient-001,bed_pressure_sensor_state,occupied,none,smart_home,occupancy
2026-01-20 22:17:30,patient-001,chair_pressure_sensor_state,occupied,none,smart_home,occupancy
2026-01-20 22:30:20,patient-001,sofa_pressure_sensor_state,occupied,none,smart_home,occupancy
2026-01-20 22:43:40,patient-001,smart_light_power_state,off,none,smart_home,lighting
2026-01-20 22:56:13,patient-001,smart_light_brightness,57,percent,smart_home,lighting
2026-01-20 23:09:31,patient-001,smart_light_color_temperature,1957,kelvin,smart_home,lighting
2026-01-20 23:22:08,patient-001,smart_light_rgb_color,"204,241,89",none,smart_home,lighting
2026-01-20 23:35:59,patient-001,room_illuminance_lux,298.2,lux,smart_home,environment
2026-01-20 23:48:04,patient-001,thermostat_current_temperature,21.3,celsius,smart_home,environment
2026-01-21 00:05:37,patient-001,thermostat_current_temperature,22.6,celsius,smart_home,environment
2026-01-21 00:18:24,patient-001,thermostat_target_temperature,20.6,celsius,smart_home,environment
2026-01-21 00:31:37,patient-001,thermostat_hvac_mode,cool,none,smart_home,environment
2026-01-21 00:44:21,patient-001,thermostat_hvac_action,idle,none,smart_home,environment
2026-01-21 00:57:02,patient-001,room_humidity,44,percent,smart_home,environment
2026-01-21 01:10:56,patient-001,indoor_co2_ppm,490,ppm,smart_home,environment
2026-01-21 01:23:06,patient-001,indoor_pm25,2.2,ug/m3,smart_home,environment
2026-01-21 01:36:41,patient-001,indoor_voc_level,112,index,smart_home,environment
2026-01-21 01:49:50,patient-001,indoor_air_quality_index,7,index,smart_home,environment
2026-01-21 02:02:29,patient-001,noise_sensor_decibels,51.7,dB,smart_home,environment
2026-01-21 02:15:36,patient-001,smart_plug_power_watts,127.9,W,smart_home,power
2026-01-21 02:28:31,patient-001,smart_plug_voltage,122.3,V,smart_home,power
2026-01-21 02:41:50,patient-001,smart_plug_current_amps,0.88,A,smart_home,power
2026-01-21 02:54:24,patient-001,coffee_machine_power_state,on,none,smart_home,power
2026-01-21 03:07:53,patient-001,coffee_machine_power_watts,67.6,W,smart_home,power
2026-01-21 03:20:26,patient-001,tv_power_state,off,none,smart_home,power
2026-01-21 03:33:18,patient-001,tv_power_watts,63.6,W,smart_home,power
2026-01-21 03:46:14,patient-001,computer_power_state,off,none,smart_home,power
2026-01-21 03:59:37,patient-001,computer_power_watts,186.2,W,smart_home,power
2026-01-21 04:12:03,patient-001,microwave_power_state,off,none,smart_home,power
2026-01-21 04:25:58,patient-001,microwave_power_watts,72.3,W,smart_home,power
2026-01-21 04:38:50,patient-001,washing_machine_power_state,on,none,smart_home,power
2026-01-21 04:51:01,patient-001,washing_machine_power_watts,25.6,W,smart_home,power
2026-01-21 05:40:32,patient-001,phone_battery_level,77,percent,phone,device
2026-01-21 05:53:59,patient-001,phone_battery_state,discharging,none,phone,device
2026-01-21 06:06:50,patient-001,phone_power_source,ac,none,phone,device
2026-01-21 06:19:44,patient-001,phone_screen_state,on,none,phone,device
2026-01-21 06:32:43,patient-001,phone_lock_state,unlocked,none,phone,device
2026-01-21 06:45:17,patient-001,phone_interactive_state,idle,none,phone,device
2026-01-21 06:58:52,patient-001,phone_orientation,portrait,none,phone,device
2026-01-21 07:11:56,patient-001,phone_brightness_level,31,percent,phone,device
2026-01-21 07:24:11,patient-001,phone_volume_level,72,percent,phone,device
2026-01-21 07:37:57,patient-001,phone_ringer_mode,normal,none,phone,device
2026-01-21 07:50:12,patient-001,phone_do_not_disturb_state,on,none,phone,device
2026-01-21 08:03:40,patient-001,phone_airplane_mode,off,none,phone,device
2026-01-21 08:16:18,patient-001,phone_wifi_state,disconnected,none,phone,device
2026-01-21 08:29:03,patient-001,phone_wifi_ssid,ClinicGuest,none,phone,device
2026-01-21 08:42:08,patient-001,phone_cellular_signal_strength,-107,dBm,phone,device
2026-01-21 08:55:30,patient-001,phone_bluetooth_state,on,none,phone,device
2026-01-21 09:08:16,patient-001,phone_headphones_connected,disconnected,none,phone,device
2026-01-21 09:21:58,patient-001,phone_nfc_state,on,none,phone,device
2026-01-21 09:34:42,patient-001,phone_location_latitude,40.709701,degrees,phone,location
2026-01-21 09:47:20,patient-001,phone_location_longitude,-73.934562,degrees,phone,location
2026-01-21 10:00:34,patient-001,phone_location_accuracy,3.0,meters,phone,location
2026-01-21 10:13:43,patient-001,phone_location_altitude,20.8,meters,phone,location
2026-01-21 10:26:07,patient-001,phone_location_speed,0.83,m/s,phone,location
2026-01-21 10:39:29,patient-001,phone_location_bearing,250,degrees,phone,location
2026-01-21 10:52:37,patient-001,phone_accelerometer_x,0.546,m/s2,phone,motion
2026-01-21 11:05:16,patient-001,phone_accelerometer_y,-2.467,m/s2,phone,motion
2026-01-21 11:18:21,patient-001,phone_accelerometer_z,1.519,m/s2,phone,motion
2026-01-21 11:31:02,patient-001,phone_gyroscope_x,0.0922,rad/s,phone,motion
2026-01-21 11:44:00,patient-001,phone_gyroscope_y,-0.044,rad/s,phone,motion
2026-01-21 11:57:52,patient-001,phone_gyroscope_z,-0.1744,rad/s,phone,motion
2026-01-21 12:10:45,patient-001,phone_magnetometer_x,27.13,microtesla,phone,motion
2026-01-21 12:23:15,patient-001,phone_magnetometer_y,18.48,microtesla,phone,motion
2026-01-21 12:36:18,patient-001,phone_magnetometer_z,25.29,microtesla,phone,motion
2026-01-21 12:49:47,patient-001,phone_barometer_pressure,1013.2,hPa,phone,motion
2026-01-21 13:02:14,patient-001,phone_ambient_light_lux,297.4,lux,phone,motion
2026-01-21 13:15:43,patient-001,phone_proximity_state,near,none,phone,motion
2026-01-21 13:28:38,patient-001,phone_step_detector_event,step,none,phone,motion
2026-01-21 13:41:39,patient-001,phone_step_counter_value,21654,steps,phone,motion
2026-01-21 13:54:59,patient-001,phone_activity_recognition_state,stationary,none,phone,motion
2026-01-21 14:07:55,patient-001,phone_app_foreground_package,com.spotify.music,none,phone,app_usage
2026-01-21 14:20:41,patient-001,phone_app_foreground_name,Fitbit,none,phone,app_usage
2026-01-21 14:33:26,patient-001,phone_notification_posted_app,Spotify,none,phone,app_usage
2026-01-21 14:46:37,patient-001,phone_notification_removed_app,Bank,none,phone,app_usage
2026-01-21 14:59:20,patient-001,phone_sms_received_event,none,none,phone,communication
2026-01-21 15:12:03,patient-001,phone_sms_sent_event,none,none,phone,communication
2026-01-21 15:25:29,patient-001,phone_call_state,idle,none,phone,communication
2026-01-21 15:38:48,patient-001,phone_call_direction,none,none,phone,communication
2026-01-21 15:51:26,patient-001,phone_keyboard_visible_state,hidden,none,phone,device
2026-01-21 16:04:42,patient-001,phone_clipboard_changed_event,none,none,phone,device
2026-01-21 16:17:53,patient-001,phone_camera_open_state,closed,none,phone,device
2026-01-21 16:30:17,patient-001,wearable_heart_rate,68,bpm,wearable,wearable
2026-01-21 16:43:18,patient-001,wearable_resting_heart_rate,65,bpm,wearable,wearable
2026-01-21 16:56:46,patient-001,wearable_hrv_value,35.5,ms,wearable,wearable
2026-01-21 17:09:29,patient-001,wearable_spo2,97.3,percent,wearable,wearable
2026-01-21 17:22:00,patient-001,wearable_skin_temperature,36.4,celsius,wearable,wearable
2026-01-21 17:35:44,patient-001,wearable_respiratory_rate,13.0,breaths/min,wearable,wearable
2026-01-21 17:48:29,patient-001,wearable_step_counter,23228,steps,phone,motion
2026-01-21 18:01:11,patient-001,wearable_calories_burned,54319,kcal,wearable,wearable
2026-01-21 18:14:24,patient-001,wearable_sleep_state,awake,none,wearable,wearable
2026-01-21 18:27:00,patient-001,wearable_sleep_stage,awake,none,wearable,wearable
2026-01-21 18:40:15,patient-001,wearable_body_position,lying_right,none,wearable,wearable
2026-01-21 18:53:29,patient-001,wearable_device_battery_level,37,percent,wearable,wearable
2026-01-21 19:06:07,patient-001,smartwatch_screen_state,on,none,smartwatch,wearable
2026-01-21 19:19:57,patient-001,smartwatch_workout_state,inactive,none,smartwatch,wearable
2026-01-21 19:32:20,patient-001,smartwatch_workout_type,none,none,smartwatch,wearable
2026-01-21 19:45:14,patient-001,front_door_contact_state,closed,none,smart_home,contact
2026-01-21 19:58:01,patient-001,bedroom_door_contact_state,closed,none,smart_home,contact
2026-01-21 20:11:59,patient-001,bathroom_door_contact_state,closed,none,smart_home,contact
2026-01-21 20:24:01,patient-001,refrigerator_door_contact_state,closed,none,smart_home,contact
2026-01-21 20:37:46,patient-001,pantry_door_contact_state,closed,none,smart_home,contact
2026-01-21 20:50:10,patient-001,medicine_cabinet_contact_state,closed,none,smart_home,contact
2026-01-21 21:03:42,patient-001,window_contact_state,closed,none,smart_home,contact
2026-01-21 21:16:12,patient-001,kitchen_motion_state,off,none,smart_home,occupancy
2026-01-21 21:29:26,patient-001,bedroom_motion_state,off,none,smart_home,occupancy
2026-01-21 21:42:13,patient-001,bathroom_motion_state,off,none,smart_home,occupancy
2026-01-21 21:55:42,patient-001,living_room_motion_state,off,none,smart_home,occupancy
2026-01-21 22:08:39,patient-001,hallway_motion_state,off,none,smart_home,occupancy
2026-01-21 22:21:18,patient-001,bed_pressure_sensor_state,occupied,none,smart_home,occupancy
2026-01-21 22:34:35,patient-001,chair_pressure_sensor_state,occupied,none,smart_home,occupancy
2026-01-21 22:47:39,patient-001,sofa_pressure_sensor_state,occupied,none,smart_home,occupancy
2026-01-21 23:00:40,patient-001,smart_light_power_state,on,none,smart_home,lighting
2026-01-21 23:13:38,patient-001,smart_light_brightness,26,percent,smart_home,lighting
2026-01-21 23:26:22,patient-001,smart_light_color_temperature,3357,kelvin,smart_home,lighting
2026-01-21 23:39:55,patient-001,smart_light_rgb_color,"222,124,245",none,smart_home,lighting
2026-01-21 23:52:55,patient-001,room_illuminance_lux,47.3,lux,smart_home,environment
2026-01-22 00:09:21,patient-001,room_illuminance_lux,224.7,lux,smart_home,environment
2026-01-22 00:22:19,patient-001,thermostat_current_temperature,21.3,celsius,smart_home,environment
2026-01-22 00:35:31,patient-001,thermostat_target_temperature,20.7,celsius,smart_home,environment
2026-01-22 00:48:07,patient-001,thermostat_hvac_mode,auto,none,smart_home,environment
2026-01-22 01:01:18,patient-001,thermostat_hvac_action,idle,none,smart_home,environment
2026-01-22 01:14:57,patient-001,room_humidity,39,percent,smart_home,environment
2026-01-22 01:27:54,patient-001,indoor_co2_ppm,460,ppm,smart_home,environment
2026-01-22 01:40:49,patient-001,indoor_pm25,18.6,ug/m3,smart_home,environment
2026-01-22 01:53:42,patient-001,indoor_voc_level,69,index,smart_home,environment
2026-01-22 02:06:08,patient-001,indoor_air_quality_index,69,index,smart_home,environment
2026-01-22 02:19:51,patient-001,noise_sensor_decibels,47.6,dB,smart_home,environment
2026-01-22 02:32:47,patient-001,smart_plug_power_watts,157.9,W,smart_home,power
2026-01-22 02:45:03,patient-001,smart_plug_voltage,121.0,V,smart_home,power
2026-01-22 02:58:04,patient-001,smart_plug_current_amps,0.34,A,smart_home,power
2026-01-22 03:11:08,patient-001,coffee_machine_power_state,on,none,smart_home,power
2026-01-22 03:24:53,patient-001,coffee_machine_power_watts,166.6,W,smart_home,power
2026-01-22 03:37:33,patient-001,tv_power_state,off,none,smart_home,power
2026-01-22 03:50:11,patient-001,tv_power_watts,130.5,W,smart_home,power
2026-01-22 04:03:28,patient-001,computer_power_state,off,none,smart_home,power
2026-01-22 04:16:47,patient-001,computer_power_watts,224.2,W,smart_home,power
2026-01-22 04:29:06,patient-001,microwave_power_state,on,none,smart_home,power
2026-01-22 04:42:48,patient-001,microwave_power_watts,196.0,W,smart_home,power
2026-01-22 04:55:48,patient-001,washing_machine_power_state,off,none,smart_home,power
2026-01-22 05:08:45,patient-001,washing_machine_power_watts,484.1,W,smart_home,power
2026-01-22 05:57:57,patient-001,phone_battery_level,55,percent,phone,device
2026-01-22 06:10:59,patient-001,phone_battery_state,charging,none,phone,device
2026-01-22 06:23:32,patient-001,phone_power_source,battery,none,phone,device
2026-01-22 06:36:22,patient-001,phone_screen_state,on,none,phone,device
2026-01-22 06:49:59,patient-001,phone_lock_state,unlocked,none,phone,device
2026-01-22 07:02:00,patient-001,phone_interactive_state,idle,none,phone,device
2026-01-22 07:15:54,patient-001,phone_orientation,portrait,none,phone,device
2026-01-22 07:28:52,patient-001,phone_brightness_level,70,percent,phone,device
2026-01-22 07:41:38,patient-001,phone_volume_level,77,percent,phone,device
2026-01-22 07:54:44,patient-001,phone_ringer_mode,vibrate,none,phone,device
2026-01-22 08:07:37,patient-001,phone_do_not_disturb_state,off,none,phone,device
2026-01-22 08:20:58,patient-001,phone_airplane_mode,off,none,phone,device
2026-01-22 08:33:36,patient-001,phone_wifi_state,connected,none,phone,device
2026-01-22 08:46:22,patient-001,phone_wifi_ssid,none,none,phone,device
2026-01-22 08:59:29,patient-001,phone_cellular_signal_strength,-92,dBm,phone,device
2026-01-22 09:12:39,patient-001,phone_bluetooth_state,on,none,phone,device
2026-01-22 09:25:22,patient-001,phone_headphones_connected,disconnected,none,phone,device
2026-01-22 09:38:33,patient-001,phone_nfc_state,on,none,phone,device
2026-01-22 09:51:34,patient-001,phone_location_latitude,40.726578,degrees,phone,location
2026-01-22 10:04:39,patient-001,phone_location_longitude,-74.059629,degrees,phone,location
2026-01-22 10:17:15,patient-001,phone_location_accuracy,19.2,meters,phone,location
2026-01-22 10:30:36,patient-001,phone_location_altitude,-10.8,meters,phone,location
2026-01-22 10:43:08,patient-001,phone_location_speed,0.06,m/s,phone,location
2026-01-22 10:56:04,patient-001,phone_location_bearing,295,degrees,phone,location
2026-01-22 11:09:24,patient-001,phone_accelerometer_x,0.755,m/s2,phone,motion
2026-01-22 11:22:29,patient-001,phone_accelerometer_y,0.963,m/s2,phone,motion
2026-01-22 11:35:34,patient-001,phone_accelerometer_z,3.586,m/s2,phone,motion
2026-01-22 11:48:49,patient-001,phone_gyroscope_x,-0.3045,rad/s,phone,motion
2026-01-22 12:01:27,patient-001,phone_gyroscope_y,0.0514,rad/s,phone,motion
2026-01-22 12:14:03,patient-001,phone_gyroscope_z,0.1773,rad/s,phone,motion
2026-01-22 12:27:56,patient-001,phone_magnetometer_x,24.55,microtesla,phone,motion
2026-01-22 12:40:53,patient-001,phone_magnetometer_y,18.02,microtesla,phone,motion
2026-01-22 12:53:23,patient-001,phone_magnetometer_z,34.3,microtesla,phone,motion
2026-01-22 13:06:07,patient-001,phone_barometer_pressure,1017.1,hPa,phone,motion
2026-01-22 13:19:01,patient-001,phone_ambient_light_lux,409.6,lux,phone,motion
2026-01-22 13:32:05,patient-001,phone_proximity_state,far,none,phone,motion
2026-01-22 13:45:01,patient-001,phone_step_detector_event,none,none,phone,motion
2026-01-22 13:58:58,patient-001,phone_step_counter_value,22385,steps,phone,motion
2026-01-22 14:11:28,patient-001,phone_activity_recognition_state,stationary,none,phone,motion
2026-01-22 14:24:33,patient-001,phone_app_foreground_package,com.netflix.mediaclient,none,phone,app_usage
2026-01-22 14:37:09,patient-001,phone_app_foreground_name,Messages,none,phone,app_usage
2026-01-22 14:50:52,patient-001,phone_notification_posted_app,Bank,none,phone,app_usage
2026-01-22 15:03:09,patient-001,phone_notification_removed_app,Fitbit,none,phone,app_usage
2026-01-22 15:16:18,patient-001,phone_sms_received_event,none,none,phone,communication
2026-01-22 15:29:24,patient-001,phone_sms_sent_event,none,none,phone,communication
2026-01-22 15:42:49,patient-001,phone_call_state,idle,none,phone,communication
2026-01-22 15:55:13,patient-001,phone_call_direction,incoming,none,phone,communication
2026-01-22 16:08:18,patient-001,phone_keyboard_visible_state,hidden,none,phone,device
2026-01-22 16:21:25,patient-001,phone_clipboard_changed_event,none,none,phone,device
2026-01-22 16:34:39,patient-001,phone_camera_open_state,closed,none,phone,device
2026-01-22 16:47:48,patient-001,wearable_heart_rate,76,bpm,wearable,wearable
2026-01-22 17:00:56,patient-001,wearable_resting_heart_rate,66,bpm,wearable,wearable
2026-01-22 17:13:07,patient-001,wearable_hrv_value,65.4,ms,wearable,wearable
2026-01-22 17:26:07,patient-001,wearable_spo2,96.8,percent,wearable,wearable
2026-01-22 17:39:56,patient-001,wearable_skin_temperature,36.46,celsius,wearable,wearable
2026-01-22 17:52:14,patient-001,wearable_respiratory_rate,11.8,breaths/min,wearable,wearable
2026-01-22 18:05:42,patient-001,wearable_step_counter,23627,steps,phone,motion
2026-01-22 18:18:54,patient-001,wearable_calories_burned,54443,kcal,wearable,wearable
2026-01-22 18:31:47,patient-001,wearable_sleep_state,asleep,none,wearable,wearable
2026-01-22 18:44:26,patient-001,wearable_sleep_stage,deep,none,wearable,wearable
2026-01-22 18:57:20,patient-001,wearable_body_position,sitting,none,wearable,wearable
2026-01-22 19:10:08,patient-001,wearable_device_battery_level,74,percent,wearable,wearable
2026-01-22 19:23:20,patient-001,smartwatch_screen_state,on,none,smartwatch,wearable
2026-01-22 19:36:07,patient-001,smartwatch_workout_state,inactive,none,smartwatch,wearable
2026-01-22 19:49:47,patient-001,smartwatch_workout_type,none,none,smartwatch,wearable
2026-01-22 20:02:49,patient-001,front_door_contact_state,closed,none,smart_home,contact
2026-01-22 20:15:39,patient-001,bedroom_door_contact_state,closed,none,smart_home,contact
2026-01-22 20:28:57,patient-001,bathroom_door_contact_state,closed,none,smart_home,contact
2026-01-22 20:41:03,patient-001,refrigerator_door_contact_state,closed,none,smart_home,contact
2026-01-22 20:54:20,patient-001,pantry_door_contact_state,closed,none,smart_home,contact
2026-01-22 21:07:58,patient-001,medicine_cabinet_contact_state,closed,none,smart_home,contact
2026-01-22 21:20:44,patient-001,window_contact_state,open,none,smart_home,contact
2026-01-22 21:33:29,patient-001,kitchen_motion_state,off,none,smart_home,occupancy
2026-01-22 21:46:29,patient-001,bedroom_motion_state,on,none,smart_home,occupancy
2026-01-22 21:59:24,patient-001,bathroom_motion_state,off,none,smart_home,occupancy
2026-01-22 22:12:13,patient-001,living_room_motion_state,off,none,smart_home,occupancy
2026-01-22 22:25:45,patient-001,hallway_motion_state,on,none,smart_home,occupancy
2026-01-22 22:38:15,patient-001,bed_pressure_sensor_state,clear,none,smart_home,occupancy
2026-01-22 22:51:27,patient-001,chair_pressure_sensor_state,occupied,none,smart_home,occupancy
2026-01-22 23:04:33,patient-001,sofa_pressure_sensor_state,clear,none,smart_home,occupancy
2026-01-22 23:17:30,patient-001,smart_light_power_state,off,none,smart_home,lighting
2026-01-22 23:30:47,patient-001,smart_light_brightness,47,percent,smart_home,lighting
2026-01-22 23:43:47,patient-001,smart_light_color_temperature,4055,kelvin,smart_home,lighting
2026-01-22 23:56:57,patient-001,smart_light_rgb_color,"223,152,204",none,smart_home,lighting
2026-01-23 00:00:03,patient-001,smart_light_color_temperature,2742,kelvin,smart_home,lighting
2026-01-23 00:13:49,patient-001,smart_light_rgb_color,"178,208,183",none,smart_home,lighting
2026-01-23 00:26:05,patient-001,room_illuminance_lux,82.2,lux,smart_home,environment
2026-01-23 00:39:26,patient-001,thermostat_current_temperature,22.5,celsius,smart_home,environment
2026-01-23 00:52:15,patient-001,thermostat_target_temperature,22.2,celsius,smart_home,environment
2026-01-23 01:05:26,patient-001,thermostat_hvac_mode,auto,none,smart_home,environment
2026-01-23 01:18:06,patient-001,thermostat_hvac_action,heating,none,smart_home,environment
2026-01-23 01:31:23,patient-001,room_humidity,38,percent,smart_home,environment
2026-01-23 01:44:58,patient-001,indoor_co2_ppm,592,ppm,smart_home,environment
2026-01-23 01:57:04,patient-001,indoor_pm25,4.1,ug/m3,smart_home,environment
2026-01-23 02:10:26,patient-001,indoor_voc_level,124,index,smart_home,environment
2026-01-23 02:23:43,patient-001,indoor_air_quality_index,71,index,smart_home,environment
2026-01-23 02:36:16,patient-001,noise_sensor_decibels,26.9,dB,smart_home,environment
2026-01-23 02:49:30,patient-001,smart_plug_power_watts,160.9,W,smart_home,power
2026-01-23 03:02:34,patient-001,smart_plug_voltage,121.5,V,smart_home,power
2026-01-23 03:15:00,patient-001,smart_plug_current_amps,2.32,A,smart_home,power
2026-01-23 03:28:46,patient-001,coffee_machine_power_state,off,none,smart_home,power
2026-01-23 03:41:53,patient-001,coffee_machine_power_watts,213.2,W,smart_home,power
2026-01-23 03:54:03,patient-001,tv_power_state,on,none,smart_home,power
2026-01-23 04:07:55,patient-001,tv_power_watts,57.4,W,smart_home,power
2026-01-23 04:20:14,patient-001,computer_power_state,on,none,smart_home,power
2026-01-23 04:33:28,patient-001,computer_power_watts,52.7,W,smart_home,power
2026-01-23 04:46:16,patient-001,microwave_power_state,off,none,smart_home,power
2026-01-23 04:59:41,patient-001,microwave_power_watts,103.2,W,smart_home,power
2026-01-23 05:12:35,patient-001,washing_machine_power_state,on,none,smart_home,power
2026-01-23 05:25:54,patient-001,washing_machine_power_watts,252.4,W,smart_home,power
2026-01-23 06:14:48,patient-001,phone_battery_level,97,percent,phone,device
2026-01-23 06:27:07,patient-001,phone_battery_state,full,none,phone,device
2026-01-23 06:40:01,patient-001,phone_power_source,ac,none,phone,device
2026-01-23 06:53:31,patient-001,phone_screen_state,off,none,phone,device
2026-01-23 07:06:07,patient-001,phone_lock_state,locked,none,phone,device
2026-01-23 07:19:43,patient-001,phone_interactive_state,idle,none,phone,device
2026-01-23 07:32:35,patient-001,phone_orientation,portrait,none,phone,device
2026-01-23 07:45:43,patient-001,phone_brightness_level,68,percent,phone,device
2026-01-23 07:58:30,patient-001,phone_volume_level,55,percent,phone,device
2026-01-23 08:11:10,patient-001,phone_ringer_mode,vibrate,none,phone,device
2026-01-23 08:24:28,patient-001,phone_do_not_disturb_state,off,none,phone,device
2026-01-23 08:37:15,patient-001,phone_airplane_mode,off,none,phone,device
2026-01-23 08:50:03,patient-001,phone_wifi_state,disconnected,none,phone,device
2026-01-23 09:03:00,patient-001,phone_wifi_ssid,HomeNet,none,phone,device
2026-01-23 09:16:15,patient-001,phone_cellular_signal_strength,-85,dBm,phone,device
2026-01-23 09:29:25,patient-001,phone_bluetooth_state,on,none,phone,device
2026-01-23 09:42:36,patient-001,phone_headphones_connected,disconnected,none,phone,device
2026-01-23 09:55:18,patient-001,phone_nfc_state,off,none,phone,device
2026-01-23 10:08:45,patient-001,phone_location_latitude,40.719373,degrees,phone,location
2026-01-23 10:21:03,patient-001,phone_location_longitude,-73.978088,degrees,phone,location
2026-01-23 10:34:49,patient-001,phone_location_accuracy,21.1,meters,phone,location
2026-01-23 10:47:41,patient-001,phone_location_altitude,9.2,meters,phone,location
2026-01-23 11:00:23,patient-001,phone_location_speed,1.73,m/s,phone,location
2026-01-23 11:13:44,patient-001,phone_location_bearing,7,degrees,phone,location
2026-01-23 11:26:01,patient-001,phone_accelerometer_x,-3.003,m/s2,phone,motion
2026-01-23 11:39:07,patient-001,phone_accelerometer_y,1.438,m/s2,phone,motion
2026-01-23 11:52:19,patient-001,phone_accelerometer_z,4.031,m/s2,phone,motion
2026-01-23 12:05:11,patient-001,phone_gyroscope_x,-0.0733,rad/s,phone,motion
2026-01-23 12:18:39,patient-001,phone_gyroscope_y,0.0217,rad/s,phone,motion
2026-01-23 12:31:39,patient-001,phone_gyroscope_z,0.0051,rad/s,phone,motion
2026-01-23 12:44:38,patient-001,phone_magnetometer_x,30.48,microtesla,phone,motion
2026-01-23 12:57:47,patient-001,phone_magnetometer_y,28.46,microtesla,phone,motion
2026-01-23 13:10:01,patient-001,phone_magnetometer_z,23.44,microtesla,phone,motion
2026-01-23 13:23:31,patient-001,phone_barometer_pressure,1019.0,hPa,phone,motion
2026-01-23 13:36:36,patient-001,phone_ambient_light_lux,161.9,lux,phone,motion
2026-01-23 13:49:50,patient-001,phone_proximity_state,far,none,phone,motion
2026-01-23 14:02:33,patient-001,phone_step_detector_event,step,none,phone,motion
2026-01-23 14:15:37,patient-001,phone_step_counter_value,22886,steps,phone,motion
2026-01-23 14:28:09,patient-001,phone_activity_recognition_state,driving,none,phone,motion
2026-01-23 14:41:58,patient-001,phone_app_foreground_package,com.netflix.mediaclient,none,phone,app_usage
2026-01-23 14:54:58,patient-001,phone_app_foreground_name,Bank,none,phone,app_usage
2026-01-23 15:07:28,patient-001,phone_notification_posted_app,Gmail,none,phone,app_usage
2026-01-23 15:20:12,patient-001,phone_notification_removed_app,Fitbit,none,phone,app_usage
2026-01-23 15:33:03,patient-001,phone_sms_received_event,none,none,phone,communication
2026-01-23 15:46:24,patient-001,phone_sms_sent_event,none,none,phone,communication
2026-01-23 15:59:13,patient-001,phone_call_state,idle,none,phone,communication
2026-01-23 16:12:51,patient-001,phone_call_direction,none,none,phone,communication
2026-01-23 16:25:07,patient-001,phone_keyboard_visible_state,hidden,none,phone,device
2026-01-23 16:38:00,patient-001,phone_clipboard_changed_event,changed,none,phone,device
2026-01-23 16:51:12,patient-001,phone_camera_open_state,closed,none,phone,device
2026-01-23 17:04:22,patient-001,wearable_heart_rate,73,bpm,wearable,wearable
2026-01-23 17:17:15,patient-001,wearable_resting_heart_rate,62,bpm,wearable,wearable
2026-01-23 17:30:22,patient-001,wearable_hrv_value,62.7,ms,wearable,wearable
2026-01-23 17:43:06,patient-001,wearable_spo2,98.2,percent,wearable,wearable
2026-01-23 17:56:23,patient-001,wearable_skin_temperature,36.62,celsius,wearable,wearable
2026-01-23 18:09:57,patient-001,wearable_respiratory_rate,14.6,breaths/min,wearable,wearable
2026-01-23 18:22:34,patient-001,wearable_step_counter,24426,steps,phone,motion
2026-01-23 18:35:24,patient-001,wearable_calories_burned,54518,kcal,wearable,wearable
2026-01-23 18:48:48,patient-001,wearable_sleep_state,awake,none,wearable,wearable
2026-01-23 19:01:36,patient-001,wearable_sleep_stage,awake,none,wearable,wearable
2026-01-23 19:14:14,patient-001,wearable_body_position,lying_right,none,wearable,wearable
2026-01-23 19:27:33,patient-001,wearable_device_battery_level,53,percent,wearable,wearable
2026-01-23 19:40:48,patient-001,smartwatch_screen_state,off,none,smartwatch,wearable
2026-01-23 19:53:03,patient-001,smartwatch_workout_state,inactive,none,smartwatch,wearable
2026-01-23 20:06:58,patient-001,smartwatch_workout_type,none,none,smartwatch,wearable
2026-01-23 20:19:02,patient-001,front_door_contact_state,open,none,smart_home,contact
2026-01-23 20:32:44,patient-001,bedroom_door_contact_state,closed,none,smart_home,contact
2026-01-23 20:45:13,patient-001,bathroom_door_contact_state,closed,none,smart_home,contact
2026-01-23 20:58:47,patient-001,refrigerator_door_contact_state,closed,none,smart_home,contact
2026-01-23 21:11:18,patient-001,pantry_door_contact_state,closed,none,smart_home,contact
2026-01-23 21:24:18,patient-001,medicine_cabinet_contact_state,open,none,smart_home,contact
2026-01-23 21:37:54,patient-001,window_contact_state,closed,none,smart_home,contact
2026-01-23 21:50:39,patient-001,kitchen_motion_state,off,none,smart_home,occupancy
2026-01-23 22:03:47,patient-001,bedroom_motion_state,on,none,smart_home,occupancy
2026-01-23 22:16:13,patient-001,bathroom_motion_state,off,none,smart_home,occupancy
2026-01-23 22:29:20,patient-001,living_room_motion_state,off,none,smart_home,occupancy
2026-01-23 22:42:06,patient-001,hallway_motion_state,off,none,smart_home,occupancy
2026-01-23 22:55:41,patient-001,bed_pressure_sensor_state,clear,none,smart_home,occupancy
2026-01-23 23:08:15,patient-001,chair_pressure_sensor_state,occupied,none,smart_home,occupancy
2026-01-23 23:21:16,patient-001,sofa_pressure_sensor_state,occupied,none,smart_home,occupancy
2026-01-23 23:34:55,patient-001,smart_light_power_state,on,none,smart_home,lighting
2026-01-23 23:47:35,patient-001,smart_light_brightness,50,percent,smart_home,lighting
2026-01-24 00:04:39,patient-001,smart_light_brightness,48,percent,smart_home,lighting
2026-01-24 00:17:35,patient-001,smart_light_color_temperature,4423,kelvin,smart_home,lighting
2026-01-24 00:30:08,patient-001,smart_light_rgb_color,"145,119,231",none,smart_home,lighting
2026-01-24 00:43:09,patient-001,room_illuminance_lux,26.7,lux,smart_home,environment
2026-01-24 00:56:07,patient-001,thermostat_current_temperature,22.0,celsius,smart_home,environment
2026-01-24 01:09:27,patient-001,thermostat_target_temperature,21.2,celsius,smart_home,environment
2026-01-24 01:22:15,patient-001,thermostat_hvac_mode,heat,none,smart_home,environment
2026-01-24 01:35:35,patient-001,thermostat_hvac_action,fan,none,smart_home,environment
2026-01-24 01:48:14,patient-001,room_humidity,42,percent,smart_home,environment
2026-01-24 02:01:28,patient-001,indoor_co2_ppm,688,ppm,smart_home,environment
2026-01-24 02:14:02,patient-001,indoor_pm25,5.5,ug/m3,smart_home,environment
2026-01-24 02:27:26,patient-001,indoor_voc_level,105,index,smart_home,environment
2026-01-24 02:40:37,patient-001,indoor_air_quality_index,40,index,smart_home,environment
2026-01-24 02:53:11,patient-001,noise_sensor_decibels,31.4,dB,smart_home,environment
2026-01-24 03:06:35,patient-001,smart_plug_power_watts,195.4,W,smart_home,power
2026-01-24 03:19:41,patient-001,smart_plug_voltage,119.3,V,smart_home,power
2026-01-24 03:32:06,patient-001,smart_plug_current_amps,2.93,A,smart_home,power
2026-01-24 03:45:24,patient-001,coffee_machine_power_state,off,none,smart_home,power
2026-01-24 03:58:41,patient-001,coffee_machine_power_watts,308.8,W,smart_home,power
2026-01-24 04:11:07,patient-001,tv_power_state,off,none,smart_home,power
2026-01-24 04:24:43,patient-001,tv_power_watts,217.0,W,smart_home,power
2026-01-24 04:37:25,patient-001,computer_power_state,off,none,smart_home,power
2026-01-24 04:50:11,patient-001,computer_power_watts,38.3,W,smart_home,power
2026-01-24 05:03:19,patient-001,microwave_power_state,off,none,smart_home,power
2026-01-24 05:16:06,patient-001,microwave_power_watts,69.0,W,smart_home,power
2026-01-24 05:29:25,patient-001,washing_machine_power_state,off,none,smart_home,power
2026-01-24 05:42:14,patient-001,washing_machine_power_watts,187.3,W,smart_home,power
2026-01-24 06:31:24,patient-001,phone_battery_level,68,percent,phone,device
2026-01-24 06:44:44,patient-001,phone_battery_state,charging,none,phone,device
2026-01-24 06:57:43,patient-001,phone_power_source,battery,none,phone,device
2026-01-24 07:10:13,patient-001,phone_screen_state,on,none,phone,device
2026-01-24 07:23:14,patient-001,phone_lock_state,locked,none,phone,device
2026-01-24 07:36:29,patient-001,phone_interactive_state,idle,none,phone,device
2026-01-24 07:49:51,patient-001,phone_orientation,portrait,none,phone,device
2026-01-24 08:02:39,patient-001,phone_brightness_level,71,percent,phone,device
2026-01-24 08:15:40,patient-001,phone_volume_level,48,percent,phone,device
2026-01-24 08:28:10,patient-001,phone_ringer_mode,normal,none,phone,device
2026-01-24 08:41:26,patient-001,phone_do_not_disturb_state,off,none,phone,device
2026-01-24 08:54:35,patient-001,phone_airplane_mode,off,none,phone,device
2026-01-24 09:07:25,patient-001,phone_wifi_state,connected,none,phone,device
2026-01-24 09:20:30,patient-001,phone_wifi_ssid,HomeNet,none,phone,device
2026-01-24 09:33:02,patient-001,phone_cellular_signal_strength,-76,dBm,phone,device
2026-01-24 09:46:48,patient-001,phone_bluetooth_state,off,none,phone,device
2026-01-24 09:59:01,patient-001,phone_headphones_connected,disconnected,none,phone,device
2026-01-24 10:12:01,patient-001,phone_nfc_state,off,none,phone,device
2026-01-24 10:25:48,patient-001,phone_location_latitude,40.682499,degrees,phone,location
2026-01-24 10:38:34,patient-001,phone_location_longitude,-73.974075,degrees,phone,location
2026-01-24 10:51:18,patient-001,phone_location_accuracy,21.6,meters,phone,location
2026-01-24 11:04:20,patient-001,phone_location_altitude,3.5,meters,phone,location
2026-01-24 11:17:37,patient-001,phone_location_speed,0.97,m/s,phone,location
2026-01-24 11:30:27,patient-001,phone_location_bearing,352,degrees,phone,location
2026-01-24 11:43:20,patient-001,phone_accelerometer_x,-1.06,m/s2,phone,motion
2026-01-24 11:56:13,patient-001,phone_accelerometer_y,-1.329,m/s2,phone,motion
2026-01-24 12:09:15,patient-001,phone_accelerometer_z,3.348,m/s2,phone,motion
2026-01-24 12:22:15,patient-001,phone_gyroscope_x,-0.0436,rad/s,phone,motion
2026-01-24 12:35:57,patient-001,phone_gyroscope_y,-0.0009,rad/s,phone,motion
2026-01-24 12:48:46,patient-001,phone_gyroscope_z,-0.088,rad/s,phone,motion
2026-01-24 13:01:35,patient-001,phone_magnetometer_x,37.46,microtesla,phone,motion
2026-01-24 13:14:05,patient-001,phone_magnetometer_y,21.39,microtesla,phone,motion
2026-01-24 13:27:34,patient-001,phone_magnetometer_z,19.3,microtesla,phone,motion
2026-01-24 13:40:16,patient-001,phone_barometer_pressure,1012.9,hPa,phone,motion
2026-01-24 13:53:02,patient-001,phone_ambient_light_lux,446.6,lux,phone,motion
2026-01-24 14:06:41,patient-001,phone_proximity_state,far,none,phone,motion
2026-01-24 14:19:44,patient-001,phone_step_detector_event,none,none,phone,motion
2026-01-24 14:32:31,patient-001,phone_step_counter_value,23571,steps,phone,motion
2026-01-24 14:45:20,patient-001,phone_activity_recognition_state,driving,none,phone,motion
2026-01-24 14:58:33,patient-001,phone_app_foreground_package,com.netflix.mediaclient,none,phone,app_usage
2026-01-24 15:11:37,patient-001,phone_app_foreground_name,Bank,none,phone,app_usage
2026-01-24 15:24:02,patient-001,phone_notification_posted_app,Messages,none,phone,app_usage
2026-01-24 15:37:28,patient-001,phone_notification_removed_app,Calendar,none,phone,app_usage
2026-01-24 15:50:06,patient-001,phone_sms_received_event,none,none,phone,communication
2026-01-24 16:03:46,patient-001,phone_sms_sent_event,none,none,phone,communication
2026-01-24 16:16:07,patient-001,phone_call_state,idle,none,phone,communication
2026-01-24 16:29:03,patient-001,phone_call_direction,none,none,phone,communication
2026-01-24 16:42:09,patient-001,phone_keyboard_visible_state,hidden,none,phone,device
2026-01-24 16:55:24,patient-001,phone_clipboard_changed_event,none,none,phone,device
2026-01-24 17:08:31,patient-001,phone_camera_open_state,closed,none,phone,device
2026-01-24 17:21:15,patient-001,wearable_heart_rate,71,bpm,wearable,wearable
2026-01-24 17:34:45,patient-001,wearable_resting_heart_rate,67,bpm,wearable,wearable
2026-01-24 17:47:21,patient-001,wearable_hrv_value,67.0,ms,wearable,wearable
2026-01-24 18:00:00,patient-001,wearable_spo2,96.1,percent,wearable,wearable
2026-01-24 18:13:09,patient-001,wearable_skin_temperature,36.37,celsius,wearable,wearable
2026-01-24 18:26:20,patient-001,wearable_respiratory_rate,13.9,breaths/min,wearable,wearable
2026-01-24 18:39:42,patient-001,wearable_step_counter,25056,steps,phone,motion
2026-01-24 18:52:45,patient-001,wearable_calories_burned,54578,kcal,wearable,wearable
2026-01-24 19:05:47,patient-001,wearable_sleep_state,awake,none,wearable,wearable
2026-01-24 19:18:10,patient-001,wearable_sleep_stage,rem,none,wearable,wearable
2026-01-24 19:31:03,patient-001,wearable_body_position,standing,none,wearable,wearable
2026-01-24 19:44:19,patient-001,wearable_device_battery_level,43,percent,wearable,wearable
2026-01-24 19:57:38,patient-001,smartwatch_screen_state,off,none,smartwatch,wearable
2026-01-24 20:10:29,patient-001,smartwatch_workout_state,inactive,none,smartwatch,wearable
2026-01-24 20:23:37,patient-001,smartwatch_workout_type,none,none,smartwatch,wearable
2026-01-24 20:36:21,patient-001,front_door_contact_state,closed,none,smart_home,contact
2026-01-24 20:49:57,patient-001,bedroom_door_contact_state,closed,none,smart_home,contact
2026-01-24 21:02:15,patient-001,bathroom_door_contact_state,closed,none,smart_home,contact
2026-01-24 21:15:40,patient-001,refrigerator_door_contact_state,open,none,smart_home,contact
2026-01-24 21:28:45,patient-001,pantry_door_contact_state,closed,none,smart_home,contact
2026-01-24 21:41:43,patient-001,medicine_cabinet_contact_state,closed,none,smart_home,contact
2026-01-24 21:54:15,patient-001,window_contact_state,closed,none,smart_home,contact
2026-01-24 22:07:35,patient-001,kitchen_motion_state,off,none,smart_home,occupancy
2026-01-24 22:20:50,patient-001,bedroom_motion_state,off,none,smart_home,occupancy
2026-01-24 22:33:52,patient-001,bathroom_motion_state,off,none,smart_home,occupancy
2026-01-24 22:46:45,patient-001,living_room_motion_state,off,none,smart_home,occupancy
2026-01-24 22:59:52,patient-001,hallway_motion_state,on,none,smart_home,occupancy
2026-01-24 23:12:04,patient-001,bed_pressure_sensor_state,occupied,none,smart_home,occupancy
2026-01-24 23:25:59,patient-001,chair_pressure_sensor_state,clear,none,smart_home,occupancy
2026-01-24 23:38:00,patient-001,sofa_pressure_sensor_state,occupied,none,smart_home,occupancy
2026-01-24 23:51:22,patient-001,smart_light_power_state,off,none,smart_home,lighting
2026-01-25 00:08:36,patient-001,smart_light_power_state,off,none,smart_home,lighting
2026-01-25 00:21:36,patient-001,smart_light_brightness,62,percent,smart_home,lighting
2026-01-25 00:34:27,patient-001,smart_light_color_temperature,2176,kelvin,smart_home,lighting
2026-01-25 00:47:23,patient-001,smart_light_rgb_color,"165,246,92",none,smart_home,lighting
2026-01-25 01:00:12,patient-001,room_illuminance_lux,177.6,lux,smart_home,environment
2026-01-25 01:13:39,patient-001,thermostat_current_temperature,21.8,celsius,smart_home,environment
2026-01-25 01:26:25,patient-001,thermostat_target_temperature,21.1,celsius,smart_home,environment
2026-01-25 01:39:25,patient-001,thermostat_hvac_mode,cool,none,smart_home,environment
2026-01-25 01:52:59,patient-001,thermostat_hvac_action,idle,none,smart_home,environment
2026-01-25 02:05:33,patient-001,room_humidity,33,percent,smart_home,environment
2026-01-25 02:18:58,patient-001,indoor_co2_ppm,678,ppm,smart_home,environment
2026-01-25 02:31:55,patient-001,indoor_pm25,4.0,ug/m3,smart_home,environment
2026-01-25 02:44:58,patient-001,indoor_voc_level,100,index,smart_home,environment
2026-01-25 02:57:37,patient-001,indoor_air_quality_index,29,index,smart_home,environment
2026-01-25 03:10:33,patient-001,noise_sensor_decibels,39.8,dB,smart_home,environment
2026-01-25 03:23:52,patient-001,smart_plug_power_watts,142.9,W,smart_home,power
2026-01-25 03:36:33,patient-001,smart_plug_voltage,119.0,V,smart_home,power
2026-01-25 03:49:10,patient-001,smart_plug_current_amps,2.41,A,smart_home,power
2026-01-25 04:02:07,patient-001,coffee_machine_power_state,off,none,smart_home,power
2026-01-25 04:15:13,patient-001,coffee_machine_power_watts,92.2,W,smart_home,power
2026-01-25 04:28:20,patient-001,tv_power_state,off,none,smart_home,power
2026-01-25 04:41:32,patient-001,tv_power_watts,96.1,W,smart_home,power
2026-01-25 04:54:05,patient-001,computer_power_state,on,none,smart_home,power
2026-01-25 05:07:40,patient-001,computer_power_watts,263.3,W,smart_home,power
2026-01-25 05:20:38,patient-001,microwave_power_state,off,none,smart_home,power
2026-01-25 05:33:26,patient-001,microwave_power_watts,94.2,W,smart_home,power
2026-01-25 05:46:59,patient-001,washing_machine_power_state,off,none,smart_home,power
2026-01-25 05:59:01,patient-001,washing_machine_power_watts,62.2,W,smart_home,power
2026-01-25 06:48:57,patient-001,phone_battery_level,82,percent,phone,device
2026-01-25 07:01:19,patient-001,phone_battery_state,charging,none,phone,device
2026-01-25 07:14:54,patient-001,phone_power_source,battery,none,phone,device
2026-01-25 07:27:28,patient-001,phone_screen_state,off,none,phone,device
2026-01-25 07:40:15,patient-001,phone_lock_state,locked,none,phone,device
2026-01-25 07:53:53,patient-001,phone_interactive_state,idle,none,phone,device
2026-01-25 08:06:48,patient-001,phone_orientation,portrait,none,phone,device
2026-01-25 08:19:25,patient-001,phone_brightness_level,82,percent,phone,device
2026-01-25 08:32:29,patient-001,phone_volume_level,67,percent,phone,device
2026-01-25 08:45:04,patient-001,phone_ringer_mode,silent,none,phone,device
2026-01-25 08:58:27,patient-001,phone_do_not_disturb_state,off,none,phone,device
2026-01-25 09:11:12,patient-001,phone_airplane_mode,off,none,phone,device
2026-01-25 09:24:08,patient-001,phone_wifi_state,connected,none,phone,device
2026-01-25 09:37:17,patient-001,phone_wifi_ssid,HomeNet,none,phone,device
2026-01-25 09:50:40,patient-001,phone_cellular_signal_strength,-83,dBm,phone,device
2026-01-25 10:03:37,patient-001,phone_bluetooth_state,on,none,phone,device
2026-01-25 10:16:29,patient-001,phone_headphones_connected,connected,none,phone,device
2026-01-25 10:29:30,patient-001,phone_nfc_state,on,none,phone,device
2026-01-25 10:42:17,patient-001,phone_location_latitude,40.674691,degrees,phone,location
2026-01-25 10:55:05,patient-001,phone_location_longitude,-73.986504,degrees,phone,location
2026-01-25 11:08:46,patient-001,phone_location_accuracy,10.2,meters,phone,location
2026-01-25 11:21:21,patient-001,phone_location_altitude,15.5,meters,phone,location
2026-01-25 11:34:06,patient-001,phone_location_speed,1.59,m/s,phone,location
2026-01-25 11:47:26,patient-001,phone_location_bearing,228,degrees,phone,location
2026-01-25 12:00:49,patient-001,phone_accelerometer_x,-0.589,m/s2,phone,motion
2026-01-25 12:13:42,patient-001,phone_accelerometer_y,-0.452,m/s2,phone,motion
2026-01-25 12:26:59,patient-001,phone_accelerometer_z,1.092,m/s2,phone,motion
2026-01-25 12:39:37,patient-001,phone_gyroscope_x,0.0312,rad/s,phone,motion
2026-01-25 12:52:02,patient-001,phone_gyroscope_y,-0.0565,rad/s,phone,motion
2026-01-25 13:05:29,patient-001,phone_gyroscope_z,-0.0263,rad/s,phone,motion
2026-01-25 13:18:20,patient-001,phone_magnetometer_x,10.19,microtesla,phone,motion
2026-01-25 13:31:35,patient-001,phone_magnetometer_y,11.66,microtesla,phone,motion
2026-01-25 13:44:58,patient-001,phone_magnetometer_z,9.48,microtesla,phone,motion
2026-01-25 13:57:05,patient-001,phone_barometer_pressure,1001.3,hPa,phone,motion
2026-01-25 14:10:20,patient-001,phone_ambient_light_lux,556.0,lux,phone,motion
2026-01-25 14:23:48,patient-001,phone_proximity_state,far,none,phone,motion
2026-01-25 14:36:36,patient-001,phone_step_detector_event,none,none,phone,motion
2026-01-25 14:49:02,patient-001,phone_step_counter_value,24021,steps,phone,motion
2026-01-25 15:02:58,patient-001,phone_activity_recognition_state,stationary,none,phone,motion
2026-01-25 15:15:54,patient-001,phone_app_foreground_package,com.fitbit.FitbitMobile,none,phone,app_usage
2026-01-25 15:28:56,patient-001,phone_app_foreground_name,Bank,none,phone,app_usage
2026-01-25 15:41:35,patient-001,phone_notification_posted_app,Fitbit,none,phone,app_usage
2026-01-25 15:54:55,patient-001,phone_notification_removed_app,Spotify,none,phone,app_usage
2026-01-25 16:07:44,patient-001,phone_sms_received_event,none,none,phone,communication
2026-01-25 16:20:51,patient-001,phone_sms_sent_event,none,none,phone,communication
2026-01-25 16:33:52,patient-001,phone_call_state,idle,none,phone,communication
2026-01-25 16:46:43,patient-001,phone_call_direction,none,none,phone,communication
2026-01-25 16:59:42,patient-001,phone_keyboard_visible_state,hidden,none,phone,device
2026-01-25 17:12:37,patient-001,phone_clipboard_changed_event,none,none,phone,device
2026-01-25 17:25:55,patient-001,phone_camera_open_state,closed,none,phone,device
2026-01-25 17:38:52,patient-001,wearable_heart_rate,74,bpm,wearable,wearable
2026-01-25 17:51:33,patient-001,wearable_resting_heart_rate,69,bpm,wearable,wearable
2026-01-25 18:04:14,patient-001,wearable_hrv_value,49.7,ms,wearable,wearable
2026-01-25 18:17:30,patient-001,wearable_spo2,98.9,percent,wearable,wearable
2026-01-25 18:30:03,patient-001,wearable_skin_temperature,36.37,celsius,wearable,wearable
2026-01-25 18:43:50,patient-001,wearable_respiratory_rate,16.3,breaths/min,wearable,wearable
2026-01-25 18:56:31,patient-001,wearable_step_counter,25288,steps,phone,motion
2026-01-25 19:09:20,patient-001,wearable_calories_burned,54658,kcal,wearable,wearable
2026-01-25 19:22:04,patient-001,wearable_sleep_state,awake,none,wearable,wearable
2026-01-25 19:35:41,patient-001,wearable_sleep_stage,deep,none,wearable,wearable
2026-01-25 19:48:16,patient-001,wearable_body_position,lying_right,none,wearable,wearable
2026-01-25 20:01:24,patient-001,wearable_device_battery_level,72,percent,wearable,wearable
2026-01-25 20:14:57,patient-001,smartwatch_screen_state,off,none,smartwatch,wearable
2026-01-25 20:27:25,patient-001,smartwatch_workout_state,inactive,none,smartwatch,wearable
2026-01-25 20:40:51,patient-001,smartwatch_workout_type,none,none,smartwatch,wearable
2026-01-25 20:53:39,patient-001,front_door_contact_state,closed,none,smart_home,contact
2026-01-25 21:06:33,patient-001,bedroom_door_contact_state,closed,none,smart_home,contact
2026-01-25 21:19:15,patient-001,bathroom_door_contact_state,closed,none,smart_home,contact
2026-01-25 21:32:39,patient-001,refrigerator_door_contact_state,closed,none,smart_home,contact
2026-01-25 21:45:24,patient-001,pantry_door_contact_state,closed,none,smart_home,contact
2026-01-25 21:58:36,patient-001,medicine_cabinet_contact_state,closed,none,smart_home,contact
2026-01-25 22:11:16,patient-001,window_contact_state,closed,none,smart_home,contact
2026-01-25 22:24:02,patient-001,kitchen_motion_state,off,none,smart_home,occupancy
2026-01-25 22:37:55,patient-001,bedroom_motion_state,on,none,smart_home,occupancy
2026-01-25 22:50:59,patient-001,bathroom_motion_state,off,none,smart_home,occupancy
2026-01-25 23:03:00,patient-001,living_room_motion_state,off,none,smart_home,occupancy
2026-01-25 23:16:02,patient-001,hallway_motion_state,on,none,smart_home,occupancy
2026-01-25 23:29:03,patient-001,bed_pressure_sensor_state,clear,none,smart_home,occupancy
2026-01-25 23:42:51,patient-001,chair_pressure_sensor_state,occupied,none,smart_home,occupancy
2026-01-25 23:55:06,patient-001,sofa_pressure_sensor_state,occupied,none,smart_home,occupancy
2026-01-26 00:12:13,patient-001,sofa_pressure_sensor_state,clear,none,smart_home,occupancy
2026-01-26 00:25:46,patient-001,smart_light_power_state,off,none,smart_home,lighting
2026-01-26 00:38:49,patient-001,smart_light_brightness,48,percent,smart_home,lighting
2026-01-26 00:51:08,patient-001,smart_light_color_temperature,3968,kelvin,smart_home,lighting
2026-01-26 01:04:02,patient-001,smart_light_rgb_color,"144,148,102",none,smart_home,lighting
2026-01-26 01:17:25,patient-001,room_illuminance_lux,262.1,lux,smart_home,environment
2026-01-26 01:30:42,patient-001,thermostat_current_temperature,22.6,celsius,smart_home,environment
2026-01-26 01:43:09,patient-001,thermostat_target_temperature,21.0,celsius,smart_home,environment
2026-01-26 01:56:31,patient-001,thermostat_hvac_mode,cool,none,smart_home,environment
2026-01-26 02:09:11,patient-001,thermostat_hvac_action,idle,none,smart_home,environment
2026-01-26 02:22:59,patient-001,room_humidity,36,percent,smart_home,environment
2026-01-26 02:35:30,patient-001,indoor_co2_ppm,672,ppm,smart_home,environment
2026-01-26 02:48:28,patient-001,indoor_pm25,5.1,ug/m3,smart_home,environment
2026-01-26 03:01:10,patient-001,indoor_voc_level,95,index,smart_home,environment
2026-01-26 03:14:28,patient-001,indoor_air_quality_index,39,index,smart_home,environment
2026-01-26 03:27:04,patient-001,noise_sensor_decibels,52.9,dB,smart_home,environment
2026-01-26 03:40:39,patient-001,smart_plug_power_watts,670.5,W,smart_home,power
2026-01-26 03:53:51,patient-001,smart_plug_voltage,117.2,V,smart_home,power
2026-01-26 04:06:15,patient-001,smart_plug_current_amps,1.71,A,smart_home,power
2026-01-26 04:19:14,patient-001,coffee_machine_power_state,off,none,smart_home,power
2026-01-26 04:32:26,patient-001,coffee_machine_power_watts,67.5,W,smart_home,power
2026-01-26 04:45:02,patient-001,tv_power_state,off,none,smart_home,power
2026-01-26 04:58:59,patient-001,tv_power_watts,316.6,W,smart_home,power
2026-01-26 05:11:16,patient-001,computer_power_state,off,none,smart_home,power
2026-01-26 05:24:13,patient-001,computer_power_watts,165.4,W,smart_home,power
2026-01-26 05:37:04,patient-001,microwave_power_state,off,none,smart_home,power
2026-01-26 05:50:52,patient-001,microwave_power_watts,153.7,W,smart_home,power
2026-01-26 06:03:31,patient-001,washing_machine_power_state,on,none,smart_home,power
2026-01-26 06:16:10,patient-001,washing_machine_power_watts,44.8,W,smart_home,power
2026-01-26 07:05:46,patient-001,phone_battery_level,48,percent,phone,device
2026-01-26 07:18:05,patient-001,phone_battery_state,discharging,none,phone,device
2026-01-26 07:31:19,patient-001,phone_power_source,battery,none,phone,device
2026-01-26 07:44:21,patient-001,phone_screen_state,off,none,phone,device
2026-01-26 07:57:57,patient-001,phone_lock_state,locked,none,phone,device
2026-01-26 08:10:57,patient-001,phone_interactive_state,idle,none,phone,device
2026-01-26 08:23:09,patient-001,phone_orientation,portrait,none,phone,device
2026-01-26 08:36:34,patient-001,phone_brightness_level,59,percent,phone,device
2026-01-26 08:49:44,patient-001,phone_volume_level,21,percent,phone,device
2026-01-26 09:02:19,patient-001,phone_ringer_mode,vibrate,none,phone,device
2026-01-26 09:15:01,patient-001,phone_do_not_disturb_state,off,none,phone,device
2026-01-26 09:28:10,patient-001,phone_airplane_mode,off,none,phone,device
2026-01-26 09:41:04,patient-001,phone_wifi_state,connected,none,phone,device
2026-01-26 09:54:30,patient-001,phone_wifi_ssid,HomeNet,none,phone,device
2026-01-26 10:07:03,patient-001,phone_cellular_signal_strength,-97,dBm,phone,device
2026-01-26 10:20:25,patient-001,phone_bluetooth_state,on,none,phone,device
2026-01-26 10:33:43,patient-001,phone_headphones_connected,disconnected,none,phone,device
2026-01-26 10:46:05,patient-001,phone_nfc_state,on,none,phone,device
2026-01-26 10:59:43,patient-001,phone_location_latitude,40.693539,degrees,phone,location
2026-01-26 11:12:21,patient-001,phone_location_longitude,-74.009714,degrees,phone,location
2026-01-26 11:25:15,patient-001,phone_location_accuracy,10.7,meters,phone,location
2026-01-26 11:38:03,patient-001,phone_location_altitude,20.9,meters,phone,location
2026-01-26 11:51:29,patient-001,phone_location_speed,0.24,m/s,phone,location
2026-01-26 12:04:56,patient-001,phone_location_bearing,294,degrees,phone,location
2026-01-26 12:17:03,patient-001,phone_accelerometer_x,1.806,m/s2,phone,motion
2026-01-26 12:30:18,patient-001,phone_accelerometer_y,1.227,m/s2,phone,motion
2026-01-26 12:43:30,patient-001,phone_accelerometer_z,-1.902,m/s2,phone,motion
2026-01-26 12:56:54,patient-001,phone_gyroscope_x,-0.0662,rad/s,phone,motion
2026-01-26 13:09:53,patient-001,phone_gyroscope_y,-0.1094,rad/s,phone,motion
2026-01-26 13:22:27,patient-001,phone_gyroscope_z,0.2034,rad/s,phone,motion
2026-01-26 13:35:57,patient-001,phone_magnetometer_x,26.14,microtesla,phone,motion
2026-01-26 13:48:48,patient-001,phone_magnetometer_y,17.36,microtesla,phone,motion
2026-01-26 14:01:28,patient-001,phone_magnetometer_z,21.11,microtesla,phone,motion
2026-01-26 14:14:45,patient-001,phone_barometer_pressure,1008.4,hPa,phone,motion
2026-01-26 14:27:44,patient-001,phone_ambient_light_lux,170.7,lux,phone,motion
2026-01-26 14:40:58,patient-001,phone_proximity_state,far,none,phone,motion
2026-01-26 14:53:58,patient-001,phone_step_detector_event,none,none,phone,motion
2026-01-26 15:06:00,patient-001,phone_step_counter_value,24260,steps,phone,motion
2026-01-26 15:19:52,patient-001,phone_activity_recognition_state,walking,none,phone,motion
2026-01-26 15:32:54,patient-001,phone_app_foreground_package,com.netflix.mediaclient,none,phone,app_usage
2026-01-26 15:45:57,patient-001,phone_app_foreground_name,Fitbit,none,phone,app_usage
2026-01-26 15:58:30,patient-001,phone_notification_posted_app,Gmail,none,phone,app_usage
2026-01-26 16:11:49,patient-001,phone_notification_removed_app,Bank,none,phone,app_usage
2026-01-26 16:24:59,patient-001,phone_sms_received_event,received,none,phone,communication
2026-01-26 16:37:23,patient-001,phone_sms_sent_event,sent,none,phone,communication
2026-01-26 16:50:15,patient-001,phone_call_state,idle,none,phone,communication
2026-01-26 17:03:30,patient-001,phone_call_direction,none,none,phone,communication
2026-01-26 17:16:00,patient-001,phone_keyboard_visible_state,visible,none,phone,device
2026-01-26 17:29:48,patient-001,phone_clipboard_changed_event,none,none,phone,device
2026-01-26 17:42:13,patient-001,phone_camera_open_state,closed,none,phone,device
2026-01-26 17:55:40,patient-001,wearable_heart_rate,53,bpm,wearable,wearable
2026-01-26 18:08:44,patient-001,wearable_resting_heart_rate,62,bpm,wearable,wearable
2026-01-26 18:21:13,patient-001,wearable_hrv_value,46.1,ms,wearable,wearable
2026-01-26 18:34:09,patient-001,wearable_spo2,97.9,percent,wearable,wearable
2026-01-26 18:47:19,patient-001,wearable_skin_temperature,36.3,celsius,wearable,wearable
2026-01-26 19:00:37,patient-001,wearable_respiratory_rate,16.8,breaths/min,wearable,wearable
2026-01-26 19:13:15,patient-001,wearable_step_counter,25518,steps,phone,motion
2026-01-26 19:26:33,patient-001,wearable_calories_burned,54710,kcal,wearable,wearable
2026-01-26 19:39:28,patient-001,wearable_sleep_state,awake,none,wearable,wearable
2026-01-26 19:52:44,patient-001,wearable_sleep_stage,awake,none,wearable,wearable
2026-01-26 20:05:16,patient-001,wearable_body_position,sitting,none,wearable,wearable
2026-01-26 20:18:11,patient-001,wearable_device_battery_level,64,percent,wearable,wearable
2026-01-26 20:31:36,patient-001,smartwatch_screen_state,off,none,smartwatch,wearable
2026-01-26 20:44:46,patient-001,smartwatch_workout_state,inactive,none,smartwatch,wearable
2026-01-26 20:57:06,patient-001,smartwatch_workout_type,none,none,smartwatch,wearable
2026-01-26 21:10:34,patient-001,front_door_contact_state,closed,none,smart_home,contact
2026-01-26 21:23:24,patient-001,bedroom_door_contact_state,closed,none,smart_home,contact
2026-01-26 21:36:09,patient-001,bathroom_door_contact_state,closed,none,smart_home,contact
2026-01-26 21:49:53,patient-001,refrigerator_door_contact_state,closed,none,smart_home,contact
2026-01-26 22:02:41,patient-001,pantry_door_contact_state,closed,none,smart_home,contact
2026-01-26 22:15:52,patient-001,medicine_cabinet_contact_state,closed,none,smart_home,contact
2026-01-26 22:28:28,patient-001,window_contact_state,open,none,smart_home,contact
2026-01-26 22:41:44,patient-001,kitchen_motion_state,on,none,smart_home,occupancy
2026-01-26 22:54:24,patient-001,bedroom_motion_state,off,none,smart_home,occupancy
2026-01-26 23:07:13,patient-001,bathroom_motion_state,on,none,smart_home,occupancy
2026-01-26 23:20:07,patient-001,living_room_motion_state,on,none,smart_home,occupancy
2026-01-26 23:33:50,patient-001,hallway_motion_state,off,none,smart_home,occupancy
2026-01-26 23:46:40,patient-001,bed_pressure_sensor_state,occupied,none,smart_home,occupancy
2026-01-26 23:59:46,patient-001,chair_pressure_sensor_state,occupied,none,smart_home,occupancy
2026-01-27 00:03:35,patient-001,bed_pressure_sensor_state,clear,none,smart_home,occupancy
2026-01-27 00:16:41,patient-001,chair_pressure_sensor_state,clear,none,smart_home,occupancy
2026-01-27 00:29:01,patient-001,sofa_pressure_sensor_state,clear,none,smart_home,occupancy
2026-01-27 00:42:53,patient-001,smart_light_power_state,off,none,smart_home,lighting
2026-01-27 00:55:53,patient-001,smart_light_brightness,100,percent,smart_home,lighting
2026-01-27 01:08:27,patient-001,smart_light_color_temperature,2991,kelvin,smart_home,lighting
2026-01-27 01:21:04,patient-001,smart_light_rgb_color,"220,111,174",none,smart_home,lighting
2026-01-27 01:34:42,patient-001,room_illuminance_lux,144.8,lux,smart_home,environment
2026-01-27 01:47:10,patient-001,thermostat_current_temperature,21.5,celsius,smart_home,environment
2026-01-27 02:00:13,patient-001,thermostat_target_temperature,21.9,celsius,smart_home,environment
2026-01-27 02:13:29,patient-001,thermostat_hvac_mode,heat,none,smart_home,environment
2026-01-27 02:26:21,patient-001,thermostat_hvac_action,heating,none,smart_home,environment
2026-01-27 02:39:04,patient-001,room_humidity,46,percent,smart_home,environment
2026-01-27 02:52:37,patient-001,indoor_co2_ppm,555,ppm,smart_home,environment
2026-01-27 03:05:26,patient-001,indoor_pm25,9.6,ug/m3,smart_home,environment
2026-01-27 03:18:43,patient-001,indoor_voc_level,68,index,smart_home,environment
2026-01-27 03:31:56,patient-001,indoor_air_quality_index,54,index,smart_home,environment
2026-01-27 03:44:13,patient-001,noise_sensor_decibels,50.3,dB,smart_home,environment
2026-01-27 03:57:33,patient-001,smart_plug_power_watts,91.8,W,smart_home,power
2026-01-27 04:10:45,patient-001,smart_plug_voltage,123.3,V,smart_home,power
2026-01-27 04:23:42,patient-001,smart_plug_current_amps,0.27,A,smart_home,power
2026-01-27 04:36:44,patient-001,coffee_machine_power_state,off,none,smart_home,power
2026-01-27 04:49:43,patient-001,coffee_machine_power_watts,361.1,W,smart_home,power
2026-01-27 05:02:00,patient-001,tv_power_state,on,none,smart_home,power
2026-01-27 05:15:59,patient-001,tv_power_watts,24.7,W,smart_home,power
2026-01-27 05:28:49,patient-001,computer_power_state,on,none,smart_home,power
2026-01-27 05:41:58,patient-001,computer_power_watts,231.6,W,smart_home,power
2026-01-27 05:54:27,patient-001,microwave_power_state,off,none,smart_home,power
2026-01-27 06:07:39,patient-001,microwave_power_watts,57.3,W,smart_home,power
2026-01-27 06:20:37,patient-001,washing_machine_power_state,off,none,smart_home,power
2026-01-27 06:33:14,patient-001,washing_machine_power_watts,69.7,W,smart_home,power
2026-01-27 07:22:28,patient-001,phone_battery_level,94,percent,phone,device
2026-01-27 07:35:18,patient-001,phone_battery_state,charging,none,phone,device
2026-01-27 07:48:50,patient-001,phone_power_source,battery,none,phone,device
2026-01-27 08:01:28,patient-001,phone_screen_state,on,none,phone,device
2026-01-27 08:14:56,patient-001,phone_lock_state,locked,none,phone,device
2026-01-27 08:27:02,patient-001,phone_interactive_state,interactive,none,phone,device
2026-01-27 08:40:08,patient-001,phone_orientation,landscape,none,phone,device
2026-01-27 08:53:08,patient-001,phone_brightness_level,47,percent,phone,device
2026-01-27 09:06:33,patient-001,phone_volume_level,34,percent,phone,device
2026-01-27 09:19:23,patient-001,phone_ringer_mode,vibrate,none,phone,device
2026-01-27 09:32:49,patient-001,phone_do_not_disturb_state,on,none,phone,device
2026-01-27 09:45:08,patient-001,phone_airplane_mode,off,none,phone,device
2026-01-27 09:58:32,patient-001,phone_wifi_state,connected,none,phone,device
2026-01-27 10:11:11,patient-001,phone_wifi_ssid,HomeNet,none,phone,device
2026-01-27 10:24:41,patient-001,phone_cellular_signal_strength,-118,dBm,phone,device
2026-01-27 10:37:42,patient-001,phone_bluetooth_state,on,none,phone,device
2026-01-27 10:50:59,patient-001,phone_headphones_connected,disconnected,none,phone,device
2026-01-27 11:03:17,patient-001,phone_nfc_state,on,none,phone,device
2026-01-27 11:16:37,patient-001,phone_location_latitude,40.703521,degrees,phone,location
2026-01-27 11:29:05,patient-001,phone_location_longitude,-74.060827,degrees,phone,location
2026-01-27 11:42:16,patient-001,phone_location_accuracy,16.7,meters,phone,location
2026-01-27 11:55:25,patient-001,phone_location_altitude,15.4,meters,phone,location
2026-01-27 12:08:09,patient-001,phone_location_speed,4.61,m/s,phone,location
2026-01-27 12:21:05,patient-001,phone_location_bearing,87,degrees,phone,location
2026-01-27 12:34:41,patient-001,phone_accelerometer_x,0.317,m/s2,phone,motion
2026-01-27 12:47:45,patient-001,phone_accelerometer_y,-4.873,m/s2,phone,motion
2026-01-27 13:00:32,patient-001,phone_accelerometer_z,1.981,m/s2,phone,motion
2026-01-27 13:13:56,patient-001,phone_gyroscope_x,0.008,rad/s,phone,motion
2026-01-27 13:26:42,patient-001,phone_gyroscope_y,-0.0603,rad/s,phone,motion
2026-01-27 13:39:05,patient-001,phone_gyroscope_z,0.101,rad/s,phone,motion
2026-01-27 13:52:23,patient-001,phone_magnetometer_x,25.68,microtesla,phone,motion
2026-01-27 14:05:47,patient-001,phone_magnetometer_y,24.91,microtesla,phone,motion
2026-01-27 14:18:45,patient-001,phone_magnetometer_z,38.08,microtesla,phone,motion
2026-01-27 14:31:04,patient-001,phone_barometer_pressure,1003.4,hPa,phone,motion
2026-01-27 14:44:36,patient-001,phone_ambient_light_lux,232.0,lux,phone,motion
2026-01-27 14:57:36,patient-001,phone_proximity_state,far,none,phone,motion
2026-01-27 15:10:48,patient-001,phone_step_detector_event,none,none,phone,motion
2026-01-27 15:23:55,patient-001,phone_step_counter_value,24384,steps,phone,motion
2026-01-27 15:36:10,patient-001,phone_activity_recognition_state,stationary,none,phone,motion
2026-01-27 15:49:05,patient-001,phone_app_foreground_package,com.netflix.mediaclient,none,phone,app_usage
2026-01-27 16:02:31,patient-001,phone_app_foreground_name,Messages,none,phone,app_usage
2026-01-27 16:15:29,patient-001,phone_notification_posted_app,Bank,none,phone,app_usage
2026-01-27 16:28:19,patient-001,phone_notification_removed_app,Calendar,none,phone,app_usage
2026-01-27 16:41:39,patient-001,phone_sms_received_event,none,none,phone,communication
2026-01-27 16:54:36,patient-001,phone_sms_sent_event,none,none,phone,communication
2026-01-27 17:07:39,patient-001,phone_call_state,idle,none,phone,communication
2026-01-27 17:20:58,patient-001,phone_call_direction,none,none,phone,communication
2026-01-27 17:33:40,patient-001,phone_keyboard_visible_state,hidden,none,phone,device
2026-01-27 17:46:21,patient-001,phone_clipboard_changed_event,none,none,phone,device
2026-01-27 17:59:26,patient-001,phone_camera_open_state,closed,none,phone,device
2026-01-27 18:12:11,patient-001,wearable_heart_rate,78,bpm,wearable,wearable
2026-01-27 18:25:10,patient-001,wearable_resting_heart_rate,59,bpm,wearable,wearable
2026-01-27 18:38:33,patient-001,wearable_hrv_value,35.0,ms,wearable,wearable
2026-01-27 18:51:55,patient-001,wearable_spo2,98.0,percent,wearable,wearable
2026-01-27 19:04:39,patient-001,wearable_skin_temperature,36.26,celsius,wearable,wearable
2026-01-27 19:17:35,patient-001,wearable_respiratory_rate,12.4,breaths/min,wearable,wearable
2026-01-27 19:30:07,patient-001,wearable_step_counter,25757,steps,phone,motion
2026-01-27 19:43:34,patient-001,wearable_calories_burned,54779,kcal,wearable,wearable
2026-01-27 19:56:02,patient-001,wearable_sleep_state,awake,none,wearable,wearable
2026-01-27 20:09:16,patient-001,wearable_sleep_stage,rem,none,wearable,wearable
2026-01-27 20:22:47,patient-001,wearable_body_position,sitting,none,wearable,wearable
2026-01-27 20:35:06,patient-001,wearable_device_battery_level,36,percent,wearable,wearable
2026-01-27 20:48:49,patient-001,smartwatch_screen_state,off,none,smartwatch,wearable
2026-01-27 21:01:16,patient-001,smartwatch_workout_state,inactive,none,smartwatch,wearable
2026-01-27 21:14:02,patient-001,smartwatch_workout_type,none,none,smartwatch,wearable
2026-01-27 21:27:07,patient-001,front_door_contact_state,closed,none,smart_home,contact
2026-01-27 21:40:56,patient-001,bedroom_door_contact_state,closed,none,smart_home,contact
2026-01-27 21:53:39,patient-001,bathroom_door_contact_state,closed,none,smart_home,contact
2026-01-27 22:06:16,patient-001,refrigerator_door_contact_state,open,none,smart_home,contact
2026-01-27 22:19:29,patient-001,pantry_door_contact_state,closed,none,smart_home,contact
2026-01-27 22:32:15,patient-001,medicine_cabinet_contact_state,closed,none,smart_home,contact
2026-01-27 22:45:40,patient-001,window_contact_state,closed,none,smart_home,contact
2026-01-27 22:58:54,patient-001,kitchen_motion_state,off,none,smart_home,occupancy
2026-01-27 23:11:00,patient-001,bedroom_motion_state,off,none,smart_home,occupancy
2026-01-27 23:24:14,patient-001,bathroom_motion_state,off,none,smart_home,occupancy
2026-01-27 23:37:45,patient-001,living_room_motion_state,off,none,smart_home,occupancy
2026-01-27 23:50:56,patient-001,hallway_motion_state,off,none,smart_home,occupancy
2026-01-28 00:07:24,patient-001,hallway_motion_state,on,none,smart_home,occupancy
2026-01-28 00:20:26,patient-001,bed_pressure_sensor_state,occupied,none,smart_home,occupancy
2026-01-28 00:33:17,patient-001,chair_pressure_sensor_state,occupied,none,smart_home,occupancy
2026-01-28 00:46:31,patient-001,sofa_pressure_sensor_state,occupied,none,smart_home,occupancy
2026-01-28 00:59:26,patient-001,smart_light_power_state,on,none,smart_home,lighting
2026-01-28 01:12:01,patient-001,smart_light_brightness,90,percent,smart_home,lighting
2026-01-28 01:25:42,patient-001,smart_light_color_temperature,3193,kelvin,smart_home,lighting
2026-01-28 01:38:07,patient-001,smart_light_rgb_color,"142,115,169",none,smart_home,lighting
2026-01-28 01:51:51,patient-001,room_illuminance_lux,53.6,lux,smart_home,environment
2026-01-28 02:04:15,patient-001,thermostat_current_temperature,21.3,celsius,smart_home,environment
2026-01-28 02:17:53,patient-001,thermostat_target_temperature,20.9,celsius,smart_home,environment
2026-01-28 02:30:37,patient-001,thermostat_hvac_mode,heat,none,smart_home,environment
2026-01-28 02:43:26,patient-001,thermostat_hvac_action,idle,none,smart_home,environment
2026-01-28 02:56:50,patient-001,room_humidity,37,percent,smart_home,environment
2026-01-28 03:09:29,patient-001,indoor_co2_ppm,1103,ppm,smart_home,environment
2026-01-28 03:22:27,patient-001,indoor_pm25,13.6,ug/m3,smart_home,environment
2026-01-28 03:35:51,patient-001,indoor_voc_level,53,index,smart_home,environment
2026-01-28 03:48:25,patient-001,indoor_air_quality_index,55,index,smart_home,environment
2026-01-28 04:01:19,patient-001,noise_sensor_decibels,25.0,dB,smart_home,environment
2026-01-28 04:14:32,patient-001,smart_plug_power_watts,114.0,W,smart_home,power
2026-01-28 04:27:58,patient-001,smart_plug_voltage,116.8,V,smart_home,power
2026-01-28 04:40:38,patient-001,smart_plug_current_amps,2.21,A,smart_home,power
2026-01-28 04:53:38,patient-001,coffee_machine_power_state,off,none,smart_home,power
2026-01-28 05:06:12,patient-001,coffee_machine_power_watts,105.1,W,smart_home,power
2026-01-28 05:19:33,patient-001,tv_power_state,on,none,smart_home,power
2026-01-28 05:32:43,patient-001,tv_power_watts,136.5,W,smart_home,power
2026-01-28 05:45:16,patient-001,computer_power_state,off,none,smart_home,power
2026-01-28 05:58:30,patient-001,computer_power_watts,27.8,W,smart_home,power
2026-01-28 06:11:58,patient-001,microwave_power_state,off,none,smart_home,power
2026-01-28 06:24:15,patient-001,microwave_power_watts,35.2,W,smart_home,power
2026-01-28 06:37:46,patient-001,washing_machine_power_state,off,none,smart_home,power
2026-01-28 06:50:10,patient-001,washing_machine_power_watts,387.1,W,smart_home,power
2026-01-28 07:39:28,patient-001,phone_battery_level,61,percent,phone,device
2026-01-28 07:52:34,patient-001,phone_battery_state,discharging,none,phone,device
2026-01-28 08:05:45,patient-001,phone_power_source,battery,none,phone,device
2026-01-28 08:18:20,patient-001,phone_screen_state,off,none,phone,device
2026-01-28 08:31:22,patient-001,phone_lock_state,locked,none,phone,device
2026-01-28 08:44:14,patient-001,phone_interactive_state,idle,none,phone,device
2026-01-28 08:57:10,patient-001,phone_orientation,portrait,none,phone,device
2026-01-28 09:10:44,patient-001,phone_brightness_level,68,percent,phone,device
2026-01-28 09:23:25,patient-001,phone_volume_level,33,percent,phone,device
2026-01-28 09:36:05,patient-001,phone_ringer_mode,silent,none,phone,device
2026-01-28 09:49:26,patient-001,phone_do_not_disturb_state,off,none,phone,device
2026-01-28 10:02:26,patient-001,phone_airplane_mode,off,none,phone,device
2026-01-28 10:15:58,patient-001,phone_wifi_state,connected,none,phone,device
2026-01-28 10:28:01,patient-001,phone_wifi_ssid,none,none,phone,device
2026-01-28 10:41:00,patient-001,phone_cellular_signal_strength,-88,dBm,phone,device
2026-01-28 10:54:18,patient-001,phone_bluetooth_state,on,none,phone,device
2026-01-28 11:07:28,patient-001,phone_headphones_connected,disconnected,none,phone,device
2026-01-28 11:20:00,patient-001,phone_nfc_state,on,none,phone,device
2026-01-28 11:33:57,patient-001,phone_location_latitude,40.723116,degrees,phone,location
2026-01-28 11:46:36,patient-001,phone_location_longitude,-73.971572,degrees,phone,location
2026-01-28 11:59:50,patient-001,phone_location_accuracy,17.7,meters,phone,location
2026-01-28 12:12:15,patient-001,phone_location_altitude,23.7,meters,phone,location
2026-01-28 12:25:27,patient-001,phone_location_speed,5.17,m/s,phone,location
2026-01-28 12:38:27,patient-001,phone_location_bearing,87,degrees,phone,location
2026-01-28 12:51:11,patient-001,phone_accelerometer_x,-1.548,m/s2,phone,motion
2026-01-28 13:04:35,patient-001,phone_accelerometer_y,-2.781,m/s2,phone,motion
2026-01-28 13:17:52,patient-001,phone_accelerometer_z,0.365,m/s2,phone,motion
2026-01-28 13:30:34,patient-001,phone_gyroscope_x,-0.0967,rad/s,phone,motion
2026-01-28 13:43:29,patient-001,phone_gyroscope_y,-0.0076,rad/s,phone,motion
2026-01-28 13:56:02,patient-001,phone_gyroscope_z,-0.0911,rad/s,phone,motion
2026-01-28 14:09:39,patient-001,phone_magnetometer_x,21.82,microtesla,phone,motion
2026-01-28 14:22:11,patient-001,phone_magnetometer_y,11.22,microtesla,phone,motion
2026-01-28 14:35:53,patient-001,phone_magnetometer_z,29.13,microtesla,phone,motion
2026-01-28 14:48:55,patient-001,phone_barometer_pressure,1013.4,hPa,phone,motion
2026-01-28 15:01:27,patient-001,phone_ambient_light_lux,311.9,lux,phone,motion
2026-01-28 15:14:57,patient-001,phone_proximity_state,far,none,phone,motion
2026-01-28 15:27:07,patient-001,phone_step_detector_event,none,none,phone,motion
2026-01-28 15:40:54,patient-001,phone_step_counter_value,24904,steps,phone,motion
2026-01-28 15:53:49,patient-001,phone_activity_recognition_state,stationary,none,phone,motion
2026-01-28 16:06:43,patient-001,phone_app_foreground_package,com.netflix.mediaclient,none,phone,app_usage
2026-01-28 16:19:10,patient-001,phone_app_foreground_name,Messages,none,phone,app_usage
2026-01-28 16:32:37,patient-001,phone_notification_posted_app,Spotify,none,phone,app_usage
2026-01-28 16:45:53,patient-001,phone_notification_removed_app,Gmail,none,phone,app_usage
2026-01-28 16:58:12,patient-001,phone_sms_received_event,none,none,phone,communication
2026-01-28 17:11:03,patient-001,phone_sms_sent_event,none,none,phone,communication
2026-01-28 17:24:41,patient-001,phone_call_state,offhook,none,phone,communication
2026-01-28 17:37:01,patient-001,phone_call_direction,none,none,phone,communication
2026-01-28 17:50:39,patient-001,phone_keyboard_visible_state,hidden,none,phone,device
2026-01-28 18:03:33,patient-001,phone_clipboard_changed_event,none,none,phone,device
2026-01-28 18:16:47,patient-001,phone_camera_open_state,closed,none,phone,device
2026-01-28 18:29:16,patient-001,wearable_heart_rate,81,bpm,wearable,wearable
2026-01-28 18:42:10,patient-001,wearable_resting_heart_rate,61,bpm,wearable,wearable
2026-01-28 18:55:29,patient-001,wearable_hrv_value,43.1,ms,wearable,wearable
2026-01-28 19:08:58,patient-001,wearable_spo2,96.3,percent,wearable,wearable
2026-01-28 19:21:40,patient-001,wearable_skin_temperature,35.81,celsius,wearable,wearable
2026-01-28 19:34:33,patient-001,wearable_respiratory_rate,13.7,breaths/min,wearable,wearable
2026-01-28 19:47:02,patient-001,wearable_step_counter,25957,steps,phone,motion
2026-01-28 20:00:40,patient-001,wearable_calories_burned,54958,kcal,wearable,wearable
2026-01-28 20:13:12,patient-001,wearable_sleep_state,asleep,none,wearable,wearable
2026-01-28 20:26:12,patient-001,wearable_sleep_stage,deep,none,wearable,wearable
2026-01-28 20:39:29,patient-001,wearable_body_position,sitting,none,wearable,wearable
2026-01-28 20:52:12,patient-001,wearable_device_battery_level,80,percent,wearable,wearable
2026-01-28 21:05:15,patient-001,smartwatch_screen_state,off,none,smartwatch,wearable
2026-01-28 21:18:19,patient-001,smartwatch_workout_state,inactive,none,smartwatch,wearable
2026-01-28 21:31:32,patient-001,smartwatch_workout_type,none,none,smartwatch,wearable
2026-01-28 21:44:52,patient-001,front_door_contact_state,open,none,smart_home,contact
2026-01-28 21:57:43,patient-001,bedroom_door_contact_state,closed,none,smart_home,contact
2026-01-28 22:10:18,patient-001,bathroom_door_contact_state,closed,none,smart_home,contact
2026-01-28 22:23:53,patient-001,refrigerator_door_contact_state,closed,none,smart_home,contact
2026-01-28 22:36:19,patient-001,pantry_door_contact_state,closed,none,smart_home,contact
2026-01-28 22:49:25,patient-001,medicine_cabinet_contact_state,open,none,smart_home,contact
2026-01-28 23:02:59,patient-001,window_contact_state,closed,none,smart_home,contact
2026-01-28 23:15:11,patient-001,kitchen_motion_state,off,none,smart_home,occupancy
2026-01-28 23:28:03,patient-001,bedroom_motion_state,off,none,smart_home,occupancy
2026-01-28 23:41:23,patient-001,bathroom_motion_state,off,none,smart_home,occupancy
2026-01-28 23:54:46,patient-001,living_room_motion_state,off,none,smart_home,occupancy
2026-01-29 00:11:27,patient-001,living_room_motion_state,off,none,smart_home,occupancy
2026-01-29 00:24:28,patient-001,hallway_motion_state,off,none,smart_home,occupancy
2026-01-29 00:37:25,patient-001,bed_pressure_sensor_state,occupied,none,smart_home,occupancy
2026-01-29 00:50:28,patient-001,chair_pressure_sensor_state,occupied,none,smart_home,occupancy
2026-01-29 01:03:08,patient-001,sofa_pressure_sensor_state,clear,none,smart_home,occupancy
2026-01-29 01:16:14,patient-001,smart_light_power_state,on,none,smart_home,lighting
2026-01-29 01:29:38,patient-001,smart_light_brightness,40,percent,smart_home,lighting
2026-01-29 01:42:19,patient-001,smart_light_color_temperature,3182,kelvin,smart_home,lighting
2026-01-29 01:55:40,patient-001,smart_light_rgb_color,"186,119,205",none,smart_home,lighting
2026-01-29 02:08:39,patient-001,room_illuminance_lux,127.3,lux,smart_home,environment
2026-01-29 02:21:38,patient-001,thermostat_current_temperature,21.7,celsius,smart_home,environment
2026-01-29 02:34:07,patient-001,thermostat_target_temperature,21.3,celsius,smart_home,environment
2026-01-29 02:47:36,patient-001,thermostat_hvac_mode,cool,none,smart_home,environment
2026-01-29 03:00:32,patient-001,thermostat_hvac_action,idle,none,smart_home,environment
2026-01-29 03:13:47,patient-001,room_humidity,39,percent,smart_home,environment
2026-01-29 03:26:31,patient-001,indoor_co2_ppm,537,ppm,smart_home,environment
2026-01-29 03:39:38,patient-001,indoor_pm25,3.6,ug/m3,smart_home,environment
2026-01-29 03:52:52,patient-001,indoor_voc_level,79,index,smart_home,environment
2026-01-29 04:05:29,patient-001,indoor_air_quality_index,53,index,smart_home,environment
2026-01-29 04:18:11,patient-001,noise_sensor_decibels,45.6,dB,smart_home,environment
2026-01-29 04:31:40,patient-001,smart_plug_power_watts,185.2,W,smart_home,power
2026-01-29 04:44:41,patient-001,smart_plug_voltage,122.5,V,smart_home,power
2026-01-29 04:57:25,patient-001,smart_plug_current_amps,5.53,A,smart_home,power
2026-01-29 05:10:06,patient-001,coffee_machine_power_state,on,none,smart_home,power
2026-01-29 05:23:01,patient-001,coffee_machine_power_watts,498.0,W,smart_home,power
2026-01-29 05:36:45,patient-001,tv_power_state,off,none,smart_home,power
2026-01-29 05:49:29,patient-001,tv_power_watts,311.9,W,smart_home,power
2026-01-29 06:02:34,patient-001,computer_power_state,off,none,smart_home,power
2026-01-29 06:15:29,patient-001,computer_power_watts,203.8,W,smart_home,power
2026-01-29 06:28:59,patient-001,microwave_power_state,off,none,smart_home,power
2026-01-29 06:41:43,patient-001,microwave_power_watts,147.9,W,smart_home,power
2026-01-29 06:54:31,patient-001,washing_machine_power_state,on,none,smart_home,power
2026-01-29 07:07:48,patient-001,washing_machine_power_watts,257.7,W,smart_home,power
2026-01-29 07:56:51,patient-001,phone_battery_level,89,percent,phone,device
2026-01-29 08:09:31,patient-001,phone_battery_state,discharging,none,phone,device
2026-01-29 08:22:53,patient-001,phone_power_source,battery,none,phone,device
2026-01-29 08:35:05,patient-001,phone_screen_state,on,none,phone,device
2026-01-29 08:48:47,patient-001,phone_lock_state,unlocked,none,phone,device
2026-01-29 09:01:57,patient-001,phone_interactive_state,idle,none,phone,device
2026-01-29 09:14:19,patient-001,phone_orientation,portrait,none,phone,device
2026-01-29 09:27:54,patient-001,phone_brightness_level,60,percent,phone,device
2026-01-29 09:40:08,patient-001,phone_volume_level,20,percent,phone,device
2026-01-29 09:53:14,patient-001,phone_ringer_mode,normal,none,phone,device
2026-01-29 10:06:04,patient-001,phone_do_not_disturb_state,on,none,phone,device
2026-01-29 10:19:47,patient-001,phone_airplane_mode,off,none,phone,device
2026-01-29 10:32:30,patient-001,phone_wifi_state,disconnected,none,phone,device
2026-01-29 10:45:36,patient-001,phone_wifi_ssid,HomeNet,none,phone,device
2026-01-29 10:58:36,patient-001,phone_cellular_signal_strength,-92,dBm,phone,device
2026-01-29 11:11:00,patient-001,phone_bluetooth_state,on,none,phone,device
2026-01-29 11:24:48,patient-001,phone_headphones_connected,connected,none,phone,device
2026-01-29 11:37:37,patient-001,phone_nfc_state,off,none,phone,device
2026-01-29 11:50:22,patient-001,phone_location_latitude,40.7659,degrees,phone,location
2026-01-29 12:03:14,patient-001,phone_location_longitude,-74.053042,degrees,phone,location
2026-01-29 12:16:13,patient-001,phone_location_accuracy,11.0,meters,phone,location
2026-01-29 12:29:49,patient-001,phone_location_altitude,2.5,meters,phone,location
2026-01-29 12:42:34,patient-001,phone_location_speed,1.4,m/s,phone,location
2026-01-29 12:55:41,patient-001,phone_location_bearing,220,degrees,phone,location
2026-01-29 13:08:22,patient-001,phone_accelerometer_x,5.173,m/s2,phone,motion
2026-01-29 13:21:44,patient-001,phone_accelerometer_y,-0.265,m/s2,phone,motion
2026-01-29 13:34:27,patient-001,phone_accelerometer_z,3.526,m/s2,phone,motion
2026-01-29 13:47:23,patient-001,phone_gyroscope_x,-0.0059,rad/s,phone,motion
2026-01-29 14:00:32,patient-001,phone_gyroscope_y,0.0106,rad/s,phone,motion
2026-01-29 14:13:38,patient-001,phone_gyroscope_z,-0.096,rad/s,phone,motion
2026-01-29 14:26:37,patient-001,phone_magnetometer_x,20.19,microtesla,phone,motion
2026-01-29 14:39:08,patient-001,phone_magnetometer_y,21.08,microtesla,phone,motion
2026-01-29 14:52:43,patient-001,phone_magnetometer_z,23.86,microtesla,phone,motion
2026-01-29 15:05:22,patient-001,phone_barometer_pressure,1009.2,hPa,phone,motion
2026-01-29 15:18:24,patient-001,phone_ambient_light_lux,359.5,lux,phone,motion
2026-01-29 15:31:05,patient-001,phone_proximity_state,far,none,phone,motion
2026-01-29 15:44:54,patient-001,phone_step_detector_event,none,none,phone,motion
2026-01-29 15:57:07,patient-001,phone_step_counter_value,25444,steps,phone,motion
2026-01-29 16:10:51,patient-001,phone_activity_recognition_state,driving,none,phone,motion
2026-01-29 16:23:42,patient-001,phone_app_foreground_package,com.netflix.mediaclient,none,phone,app_usage
2026-01-29 16:36:18,patient-001,phone_app_foreground_name,Spotify,none,phone,app_usage
2026-01-29 16:49:12,patient-001,phone_notification_posted_app,Gmail,none,phone,app_usage
2026-01-29 17:02:51,patient-001,phone_notification_removed_app,Calendar,none,phone,app_usage
2026-01-29 17:15:18,patient-001,phone_sms_received_event,none,none,phone,communication
2026-01-29 17:28:46,patient-001,phone_sms_sent_event,none,none,phone,communication
2026-01-29 17:41:59,patient-001,phone_call_state,ringing,none,phone,communication
2026-01-29 17:54:11,patient-001,phone_call_direction,none,none,phone,communication
2026-01-29 18:07:45,patient-001,phone_keyboard_visible_state,hidden,none,phone,device
2026-01-29 18:20:16,patient-001,phone_clipboard_changed_event,none,none,phone,device
2026-01-29 18:33:19,patient-001,phone_camera_open_state,closed,none,phone,device
2026-01-29 18:46:35,patient-001,wearable_heart_rate,68,bpm,wearable,wearable
2026-01-29 18:59:16,patient-001,wearable_resting_heart_rate,57,bpm,wearable,wearable
2026-01-29 19:12:40,patient-001,wearable_hrv_value,56.7,ms,wearable,wearable
2026-01-29 19:25:46,patient-001,wearable_spo2,96.3,percent,wearable,wearable
2026-01-29 19:38:14,patient-001,wearable_skin_temperature,36.23,celsius,wearable,wearable
2026-01-29 19:51:01,patient-001,wearable_respiratory_rate,13.2,breaths/min,wearable,wearable
2026-01-29 20:04:12,patient-001,wearable_step_counter,26257,steps,phone,motion
2026-01-29 20:17:28,patient-001,wearable_calories_burned,55108,kcal,wearable,wearable
2026-01-29 20:30:34,patient-001,wearable_sleep_state,awake,none,wearable,wearable
2026-01-29 20:43:53,patient-001,wearable_sleep_stage,deep,none,wearable,wearable
2026-01-29 20:56:39,patient-001,wearable_body_position,lying_right,none,wearable,wearable
2026-01-29 21:09:45,patient-001,wearable_device_battery_level,46,percent,wearable,wearable
2026-01-29 21:22:15,patient-001,smartwatch_screen_state,on,none,smartwatch,wearable
2026-01-29 21:35:26,patient-001,smartwatch_workout_state,inactive,none,smartwatch,wearable
2026-01-29 21:48:17,patient-001,smartwatch_workout_type,none,none,smartwatch,wearable
2026-01-29 22:01:19,patient-001,front_door_contact_state,closed,none,smart_home,contact
2026-01-29 22:14:41,patient-001,bedroom_door_contact_state,closed,none,smart_home,contact
2026-01-29 22:27:03,patient-001,bathroom_door_contact_state,closed,none,smart_home,contact
2026-01-29 22:40:00,patient-001,refrigerator_door_contact_state,closed,none,smart_home,contact
2026-01-29 22:53:06,patient-001,pantry_door_contact_state,open,none,smart_home,contact
2026-01-29 23:06:15,patient-001,medicine_cabinet_contact_state,open,none,smart_home,contact
2026-01-29 23:19:58,patient-001,window_contact_state,closed,none,smart_home,contact
2026-01-29 23:32:01,patient-001,kitchen_motion_state,on,none,smart_home,occupancy
2026-01-29 23:45:17,patient-001,bedroom_motion_state,off,none,smart_home,occupancy
2026-01-29 23:58:37,patient-001,bathroom_motion_state,on,none,smart_home,occupancy
2026-01-30 00:02:20,patient-001,bedroom_motion_state,off,none,smart_home,occupancy
2026-01-30 00:15:46,patient-001,bathroom_motion_state,off,none,smart_home,occupancy
2026-01-30 00:28:25,patient-001,living_room_motion_state,off,none,smart_home,occupancy
2026-01-30 00:41:18,patient-001,hallway_motion_state,off,none,smart_home,occupancy
2026-01-30 00:54:48,patient-001,bed_pressure_sensor_state,occupied,none,smart_home,occupancy
2026-01-30 01:07:29,patient-001,chair_pressure_sensor_state,occupied,none,smart_home,occupancy
2026-01-30 01:20:53,patient-001,sofa_pressure_sensor_state,clear,none,smart_home,occupancy
2026-01-30 01:33:25,patient-001,smart_light_power_state,off,none,smart_home,lighting
2026-01-30 01:46:50,patient-001,smart_light_brightness,56,percent,smart_home,lighting
2026-01-30 01:59:45,patient-001,smart_light_color_temperature,1902,kelvin,smart_home,lighting
2026-01-30 02:12:45,patient-001,smart_light_rgb_color,"123,104,178",none,smart_home,lighting
2026-01-30 02:25:41,patient-001,room_illuminance_lux,314.7,lux,smart_home,environment
2026-01-30 02:38:17,patient-001,thermostat_current_temperature,19.8,celsius,smart_home,environment
2026-01-30 02:51:41,patient-001,thermostat_target_temperature,21.8,celsius,smart_home,environment
2026-01-30 03:04:31,patient-001,thermostat_hvac_mode,off,none,smart_home,environment
2026-01-30 03:17:40,patient-001,thermostat_hvac_action,heating,none,smart_home,environment
2026-01-30 03:30:14,patient-001,room_humidity,49,percent,smart_home,environment
2026-01-30 03:43:39,patient-001,indoor_co2_ppm,755,ppm,smart_home,environment
2026-01-30 03:56:14,patient-001,indoor_pm25,2.0,ug/m3,smart_home,environment
2026-01-30 04:09:57,patient-001,indoor_voc_level,104,index,smart_home,environment
2026-01-30 04:22:39,patient-001,indoor_air_quality_index,53,index,smart_home,environment
2026-01-30 04:35:01,patient-001,noise_sensor_decibels,51.7,dB,smart_home,environment
2026-01-30 04:48:52,patient-001,smart_plug_power_watts,37.1,W,smart_home,power
2026-01-30 05:01:49,patient-001,smart_plug_voltage,118.8,V,smart_home,power
2026-01-30 05:14:40,patient-001,smart_plug_current_amps,1.34,A,smart_home,power
2026-01-30 05:27:12,patient-001,coffee_machine_power_state,off,none,smart_home,power
2026-01-30 05:40:19,patient-001,coffee_machine_power_watts,160.1,W,smart_home,power
2026-01-30 05:53:13,patient-001,tv_power_state,off,none,smart_home,power
2026-01-30 06:06:53,patient-001,tv_power_watts,60.8,W,smart_home,power
2026-01-30 06:19:51,patient-001,computer_power_state,off,none,smart_home,power
2026-01-30 06:32:45,patient-001,computer_power_watts,617.8,W,smart_home,power
2026-01-30 06:45:48,patient-001,microwave_power_state,off,none,smart_home,power
2026-01-30 06:58:59,patient-001,microwave_power_watts,89.0,W,smart_home,power
2026-01-30 07:11:52,patient-001,washing_machine_power_state,off,none,smart_home,power
2026-01-30 07:24:03,patient-001,washing_machine_power_watts,11.0,W,smart_home,power
2026-01-30 08:13:47,patient-001,phone_battery_level,48,percent,phone,device
2026-01-30 08:26:49,patient-001,phone_battery_state,discharging,none,phone,device
2026-01-30 08:39:30,patient-001,phone_power_source,battery,none,phone,device
2026-01-30 08:52:29,patient-001,phone_screen_state,off,none,phone,device
2026-01-30 09:05:10,patient-001,phone_lock_state,unlocked,none,phone,device
2026-01-30 09:18:02,patient-001,phone_interactive_state,idle,none,phone,device
2026-01-30 09:31:19,patient-001,phone_orientation,portrait,none,phone,device
2026-01-30 09:44:48,patient-001,phone_brightness_level,19,percent,phone,device
2026-01-30 09:57:36,patient-001,phone_volume_level,27,percent,phone,device
2026-01-30 10:10:11,patient-001,phone_ringer_mode,normal,none,phone,device
2026-01-30 10:23:31,patient-001,phone_do_not_disturb_state,off,none,phone,device
2026-01-30 10:36:52,patient-001,phone_airplane_mode,off,none,phone,device
2026-01-30 10:49:22,patient-001,phone_wifi_state,connected,none,phone,device
2026-01-30 11:02:26,patient-001,phone_wifi_ssid,ClinicGuest,none,phone,device
2026-01-30 11:15:27,patient-001,phone_cellular_signal_strength,-83,dBm,phone,device
2026-01-30 11:28:36,patient-001,phone_bluetooth_state,on,none,phone,device
2026-01-30 11:41:44,patient-001,phone_headphones_connected,disconnected,none,phone,device
2026-01-30 11:54:13,patient-001,phone_nfc_state,off,none,phone,device
2026-01-30 12:07:54,patient-001,phone_location_latitude,40.732177,degrees,phone,location
2026-01-30 12:20:33,patient-001,phone_location_longitude,-73.964868,degrees,phone,location
2026-01-30 12:33:56,patient-001,phone_location_accuracy,8.1,meters,phone,location
2026-01-30 12:46:36,patient-001,phone_location_altitude,19.6,meters,phone,location
2026-01-30 12:59:47,patient-001,phone_location_speed,0.54,m/s,phone,location
2026-01-30 13:12:09,patient-001,phone_location_bearing,253,degrees,phone,location
2026-01-30 13:25:05,patient-001,phone_accelerometer_x,2.535,m/s2,phone,motion
2026-01-30 13:38:12,patient-001,phone_accelerometer_y,-0.74,m/s2,phone,motion
2026-01-30 13:51:05,patient-001,phone_accelerometer_z,3.731,m/s2,phone,motion
2026-01-30 14:04:57,patient-001,phone_gyroscope_x,0.1133,rad/s,phone,motion
2026-01-30 14:17:10,patient-001,phone_gyroscope_y,-0.1864,rad/s,phone,motion
2026-01-30 14:30:01,patient-001,phone_gyroscope_z,0.1023,rad/s,phone,motion
2026-01-30 14:43:13,patient-001,phone_magnetometer_x,33.22,microtesla,phone,motion
2026-01-30 14:56:08,patient-001,phone_magnetometer_y,19.83,microtesla,phone,motion
2026-01-30 15:09:47,patient-001,phone_magnetometer_z,6.19,microtesla,phone,motion
2026-01-30 15:22:19,patient-001,phone_barometer_pressure,1028.7,hPa,phone,motion
2026-01-30 15:35:28,patient-001,phone_ambient_light_lux,181.2,lux,phone,motion
2026-01-30 15:48:22,patient-001,phone_proximity_state,far,none,phone,motion
2026-01-30 16:01:31,patient-001,phone_step_detector_event,none,none,phone,motion
2026-01-30 16:14:40,patient-001,phone_step_counter_value,26247,steps,phone,motion
2026-01-30 16:27:49,patient-001,phone_activity_recognition_state,driving,none,phone,motion
2026-01-30 16:40:32,patient-001,phone_app_foreground_package,com.fitbit.FitbitMobile,none,phone,app_usage
2026-01-30 16:53:46,patient-001,phone_app_foreground_name,Gmail,none,phone,app_usage
2026-01-30 17:06:38,patient-001,phone_notification_posted_app,Fitbit,none,phone,app_usage
2026-01-30 17:19:50,patient-001,phone_notification_removed_app,Messages,none,phone,app_usage
2026-01-30 17:32:55,patient-001,phone_sms_received_event,received,none,phone,communication
2026-01-30 17:45:12,patient-001,phone_sms_sent_event,none,none,phone,communication
2026-01-30 17:58:44,patient-001,phone_call_state,idle,none,phone,communication
2026-01-30 18:11:12,patient-001,phone_call_direction,none,none,phone,communication
2026-01-30 18:24:48,patient-001,phone_keyboard_visible_state,visible,none,phone,device
2026-01-30 18:37:06,patient-001,phone_clipboard_changed_event,none,none,phone,device
2026-01-30 18:50:09,patient-001,phone_camera_open_state,closed,none,phone,device
2026-01-30 19:03:38,patient-001,wearable_heart_rate,64,bpm,wearable,wearable
2026-01-30 19:16:12,patient-001,wearable_resting_heart_rate,67,bpm,wearable,wearable
2026-01-30 19:29:24,patient-001,wearable_hrv_value,32.2,ms,wearable,wearable
2026-01-30 19:42:50,patient-001,wearable_spo2,98.3,percent,wearable,wearable
2026-01-30 19:55:37,patient-001,wearable_skin_temperature,36.59,celsius,wearable,wearable
2026-01-30 20:08:54,patient-001,wearable_respiratory_rate,15.1,breaths/min,wearable,wearable
2026-01-30 20:21:50,patient-001,wearable_step_counter,26463,steps,phone,motion
2026-01-30 20:34:52,patient-001,wearable_calories_burned,55194,kcal,wearable,wearable
2026-01-30 20:47:13,patient-001,wearable_sleep_state,awake,none,wearable,wearable
2026-01-30 21:00:57,patient-001,wearable_sleep_stage,rem,none,wearable,wearable
2026-01-30 21:13:47,patient-001,wearable_body_position,sitting,none,wearable,wearable
2026-01-30 21:26:01,patient-001,wearable_device_battery_level,37,percent,wearable,wearable
2026-01-30 21:39:23,patient-001,smartwatch_screen_state,off,none,smartwatch,wearable
2026-01-30 21:52:16,patient-001,smartwatch_workout_state,active,none,smartwatch,wearable
2026-01-30 22:05:48,patient-001,smartwatch_workout_type,bike,none,smartwatch,wearable
2026-01-30 22:18:06,patient-001,front_door_contact_state,closed,none,smart_home,contact
2026-01-30 22:31:16,patient-001,bedroom_door_contact_state,closed,none,smart_home,contact
2026-01-30 22:44:37,patient-001,bathroom_door_contact_state,closed,none,smart_home,contact
2026-01-30 22:57:50,patient-001,refrigerator_door_contact_state,closed,none,smart_home,contact
2026-01-30 23:10:47,patient-001,pantry_door_contact_state,closed,none,smart_home,contact
2026-01-30 23:23:46,patient-001,medicine_cabinet_contact_state,closed,none,smart_home,contact
2026-01-30 23:36:40,patient-001,window_contact_state,closed,none,smart_home,contact
2026-01-30 23:49:07,patient-001,kitchen_motion_state,off,none,smart_home,occupancy
